flow_name,flow_label,level_name,seed,rmse_true_widim,rmse_true_raw,rmse_true_new,mae_true_widim,mae_true_raw,mae_true_new,corr_true_widim,corr_true_raw,corr_true_new,delta_rmse_true,delta_rmse_true_bridge,delta_mae_true,delta_mae_true_bridge,delta_corr_true,delta_corr_true_bridge,corr_raw_gate,corr_new_gate,rmse_raw_gate,rmse_new_gate,mae_raw_gate,mae_new_gate,delta_rmse_g,delta_mae_g,delta_corr_g,n_eval,pass_rate,snr_thr
rankine,Rankine vortex,L0,0,1.0606313814420956,6.309995271894529,0.6736027394031617,0.6450958807319686,0.8653386419862535,0.3951800752459107,0.9037538728474247,0.3058042934786148,0.9526341508207309,0.38702864203893383,5.636392532491367,0.24991580548605785,0.47015856674034284,0.048880277973306185,0.6468298573421161,0.2866547500431302,0.9312255150173292,6.357349566982267,0.8812113022336551,1.1134183895496785,0.6230988915355781,5.476138264748611,0.49031949801410046,0.644570764974199,380,95.0,2.8918643982562213
rankine,Rankine vortex,L0,1,1.0578772756796908,3.8490662559775224,0.7541788448878338,0.6486661707856991,0.6340767851319541,0.43058458325056825,0.896504211371619,0.5143426215397905,0.9384457261178872,0.303698430791857,3.0948874110896885,0.21808158753513085,0.20349220188138584,0.04194151474626828,0.42410310457809675,0.460684001705182,0.9443492561644334,4.019859213394981,0.7591988481173081,0.7563614463460423,0.5059001637620363,3.260660365277673,0.250461282584006,0.48366525445925146,380,95.0,3.136793448125463
rankine,Rankine vortex,L0,2,1.0834942380458579,0.8437659386545019,0.829294521681385,0.6603836504775769,0.5236829716071393,0.5092736636807015,0.8950147342915599,0.9252314653133927,0.9282228947076879,0.2541997163644729,0.014471416973116935,0.15110998679687537,0.014409307926437798,0.03320816041612806,0.0029914293942951975,0.9375061491215579,0.9491159729839508,0.8212006631963589,0.7590688427827357,0.5852495137076812,0.5323729486899672,0.062131820413623196,0.05287656501771398,0.011609823862392843,380,95.0,2.8131534149573647
rankine,Rankine vortex,L0,3,1.0678690502998485,6.539059009400469,0.7562824228049824,0.6506933226079269,1.0182908951527199,0.4422442892672179,0.8989792800581551,0.29774715129170437,0.9397277070863933,0.3115866274948661,5.782776586595486,0.20844903334070897,0.5760466058855019,0.04074842702823822,0.6419805557946889,0.28198139835376557,0.9385250837005804,6.5799553426722746,0.8241516889997953,1.1871085252447449,0.5766425752666973,5.755803653672479,0.6104659499780476,0.6565436853468148,380,95.0,2.8979009110489966
rankine,Rankine vortex,L0,4,1.1047305649391825,5.945311812345038,0.8337545167801227,0.678106422309965,0.9953872071763349,0.4682919263792978,0.8925361848731845,0.3489607540045694,0.9269717289439181,0.27097604815905985,5.111557295564915,0.2098144959306672,0.527095280797037,0.03443554407073357,0.5780109749393487,0.27810333177826063,0.9284031248821165,6.08953124127963,0.8741286497126902,1.1808522492152738,0.6223232309885965,5.2154025915669395,0.5585290182266772,0.6502997931038559,380,95.0,2.7855043608336083
rankine,Rankine vortex,L0,5,1.0758031148168241,0.7413732601049033,0.7371187872726833,0.6574983840068555,0.4275305326935345,0.40529978147552775,0.8973275118572276,0.9421203024483017,0.9427689191354358,0.3386843275441408,0.004254472832220024,0.2521986025313277,0.022230751218006772,0.04544140727820822,0.0006486166871341181,0.9200177246247259,0.9281479440818443,0.91658856006123,0.8672657740997701,0.6437854076347072,0.5941726000981694,0.04932278596145989,0.04961280753653774,0.008130219457118448,380,95.0,2.8878731090747287
rankine,Rankine vortex,L0,6,1.0821964050422863,4.61925257886641,0.698906034906646,0.6674833280199409,0.6652451149719368,0.4346737813105983,0.8977915818131461,0.38204658396964986,0.9487076817169336,0.38329037013564027,3.9203465439597642,0.23280954670934262,0.23057133366133853,0.05091609990378754,0.5666610977472838,0.3844168554678707,0.9185946050859664,4.6256067315759415,0.9380819244782878,0.9133975092257757,0.6581057028151331,3.687524807097654,0.25529180641064253,0.5341777496180957,380,95.0,3.1500597083790094
rankine,Rankine vortex,L0,7,1.1010702624897963,0.7742921243873394,0.7838746961253582,0.6776991208272273,0.48060736274274246,0.47398604121509974,0.8936052733310794,0.9371431964280789,0.9354619167758358,0.31719556636443813,-0.009582571738018797,0.20371307961212753,0.006621321527642721,0.04185664344475637,-0.0016812796522430729,0.9204060839862229,0.9340120306899514,0.9423339506084263,0.8589465786845748,0.6497618507385126,0.6060416560485056,0.08338737192385148,0.043720194690006986,0.0136059467037285,380,95.0,3.034540622693718
rankine,Rankine vortex,L1,0,1.080900708393772,7.697817257649028,0.7482394066546867,0.6630288090010592,1.1417673141973508,0.4484639520352506,0.896383558706357,0.1315626525147014,0.9413322970195427,0.33266130173908537,6.949577850994341,0.21456485696580863,0.6933033621621002,0.04494873831318569,0.8097696445048412,0.2287480818047856,0.9304612097633439,7.468399315187882,0.9005039446564232,1.335206469949504,0.6450607263025732,6.567895370531459,0.6901457436469309,0.7017131279585583,380,95.0,2.8629682420315348
rankine,Rankine vortex,L1,1,1.0918103400897436,0.8736306289686042,0.8851547235133871,0.6733088069014284,0.5343018130160496,0.5261497828423611,0.8926645685324152,0.9185713400029,0.9164897320439673,0.20665561657635656,-0.01152409454478287,0.14715902405906722,0.008152030173688485,0.023825163511552172,-0.002081607958932641,0.930078872107666,0.9429923733757746,0.8261709344301686,0.7567996044280011,0.5808709101536782,0.5239359944902912,0.06937133000216755,0.05693491566338704,0.01291350126810853,380,95.0,3.0057065910002745
rankine,Rankine vortex,L1,2,1.0865463813003962,0.859176181036943,0.825215404448752,0.6700893175949579,0.5333976330856051,0.49959943532502155,0.894599703795608,0.9223771746614146,0.9284456640690664,0.2613309768516442,0.03396077658819108,0.1704898822699364,0.033798197760583515,0.03384596027345832,0.0060684894076518114,0.9284600787998356,0.9411971316701663,0.8812068386423589,0.8066381211656023,0.6274874310724728,0.5706412305136817,0.07456871747675664,0.05684620055879119,0.012737052870330667,380,95.0,2.876181848880264
rankine,Rankine vortex,L1,3,1.0602146268999655,0.8353178322451955,0.7395763314491569,0.6455856443276693,0.49041118287561347,0.4654825815359673,0.900324803200104,0.9270025492073786,0.9424902267610622,0.3206382954508086,0.0957415007960386,0.18010306279170202,0.024928601339646195,0.042165423560958204,0.015487677553683632,0.9180431897548615,0.9355487461054571,0.9549845890026016,0.8539051419848627,0.6786219368669015,0.6135860487782838,0.10107944701773897,0.06503588808861771,0.017505556350595586,380,95.0,2.86580237015506
rankine,Rankine vortex,L1,4,1.0924069842449864,8.598711436562596,0.8493019989322539,0.676555547818172,1.5521772240575753,0.5114818352202039,0.8912591974746982,0.23553273443952327,0.9228276919399746,0.2431049853127325,7.749409437630342,0.1650737125979681,1.0406953888373716,0.03156849446527643,0.6872949575004513,0.1756946528161998,0.9206637125551608,8.707465764048793,0.912707056573751,1.7227965734616066,0.641819610099418,7.794758707475042,1.0809769633621886,0.744969059738961,380,95.0,2.6710926091285336
rankine,Rankine vortex,L1,5,1.0730207145878286,1.8875625550309476,0.7342693917492985,0.6635926725513724,0.5475000564807313,0.4404295813018596,0.8961241774111057,0.7184055783096535,0.9426604402399309,0.33875132283853004,1.1532931632816492,0.22316309124951283,0.1070704751788717,0.04653626282882517,0.22425486193027744,0.7293258844830727,0.9336969185296161,1.889025980591464,0.8359035362884001,0.7328449033583773,0.5936411372165618,1.0531224443030638,0.1392037661418155,0.20437103404654344,380,95.0,2.8086708485353777
rankine,Rankine vortex,L1,6,1.082567520649688,4.5979450778980775,0.7176922244839212,0.6680138006683001,0.7124858956435844,0.46799179339408403,0.8981318930216773,0.3851261666299245,0.9458225482006828,0.36487529616576686,3.8802528534141563,0.20002200727421604,0.2444941022495004,0.0476906551790055,0.5606963815707583,0.3833805089684458,0.9097148264246723,4.612590091283367,0.9569726499079771,0.9638589970850086,0.6820515367321036,3.6556174413753895,0.28180746035290494,0.5263343174562265,380,95.0,2.890773800511384
rankine,Rankine vortex,L1,7,1.0910756497009682,4.645473105412578,0.8096273512033849,0.6707098607281649,0.7363709245032848,0.4829443379254611,0.896611022130664,0.3695084034370316,0.9313419183822034,0.28144829849758324,3.8358457542091933,0.18776552280270375,0.2534265865778237,0.034730896251539356,0.5618335149451718,0.3753904239219573,0.9367454996331447,4.63855698075716,0.8363132873724433,0.8883363720603061,0.5853097576499239,3.802243693384717,0.30302661441038226,0.5613550757111874,380,95.0,2.8644354533248206
rankine,Rankine vortex,L2,0,1.0740187754424584,0.8177861750423047,0.8011746095186085,0.6594068995508643,0.5526689552532348,0.5308169820787246,0.8988112489920166,0.9307180168869083,0.9330907018994776,0.27284416592384986,0.016611565523696137,0.12858991747213966,0.021851973174510153,0.03427945290746104,0.0023726850125693755,0.9252641950276923,0.9372759604969232,0.9542400996736325,0.9006729404677801,0.7204045593412981,0.6783302128121494,0.05356715920585242,0.042074346529148654,0.012011765469230884,380,95.0,2.7255629921334155
rankine,Rankine vortex,L2,1,1.0984885186259816,3.011909935668606,0.9419863658457048,0.6933156268942481,0.7574431365018157,0.6007860568177787,0.888363376239032,0.5123982481479472,0.9039868965868874,0.1565021527802768,2.069923569822901,0.09252957007646934,0.15665707968403697,0.015623520347855302,0.39158864843894015,0.5377155980382391,0.9234643021185771,2.949336901553393,0.8468332234921555,0.8076174514460179,0.6045737397742497,2.1025036780612374,0.20304371167176827,0.385748704080338,380,95.0,2.7097360763570135
rankine,Rankine vortex,L2,2,1.1015316544563387,3.7304706422433553,0.8929292393166762,0.689790333805464,0.8578046442739048,0.5747205394996142,0.8932265936860757,0.4589366418009177,0.916341623278731,0.2086024151396625,2.837541402926679,0.11506979430584974,0.2830841047742906,0.023115029592655323,0.45740498147781333,0.4413786512152394,0.9304890254524075,3.7704955631561043,0.8440852443207649,0.9524474126305335,0.6145982640695117,2.926410318835339,0.3378491485610218,0.48911037423716813,380,95.0,2.8094966348489185
rankine,Rankine vortex,L2,3,1.0594654217772335,0.9907681613077529,0.8605701200846081,0.6515494292426779,0.6091496853773805,0.558074814079294,0.900178530623412,0.9003855740502701,0.9230250998770811,0.19889530169262537,0.13019804122314482,0.09347461516338385,0.05107487129808641,0.022846569253669124,0.022639525826811058,0.9006789895793886,0.9229442764674284,1.064998031313191,0.9345187654621522,0.7591023761410753,0.681064685741939,0.13047926585103886,0.07803769039913633,0.022265286888039748,380,95.0,2.8885360913511473
rankine,Rankine vortex,L2,4,1.0937673728825743,5.526034466695126,1.1412233404751606,0.6779366759096936,0.9827300746802441,0.583428772587169,0.8915884391511385,0.36352373215580014,0.8646806178376972,-0.0474559675925863,4.384811126219965,0.09450790332252468,0.39930130209307513,-0.02690782131344127,0.5011568856818971,0.3139911561710358,0.8772968484233999,5.637879397907202,1.124141872870202,1.1112557896572295,0.6864221903122367,4.513737525037,0.42483359934499276,0.5633056922523642,380,95.0,2.5917013855539985
rankine,Rankine vortex,L2,5,1.0694134951516152,5.395630228113656,0.7835058638583378,0.6662486304785712,0.9889571577530486,0.4887329682866694,0.8949534443113043,0.2693915638854312,0.9337425049089307,0.28590763129327745,4.612124364255318,0.1775156621919018,0.5002241894663793,0.038789060597626435,0.6643509410234996,0.3085657370554908,0.9349340449524067,5.2897959524992775,0.8206565987590555,1.1109118958468613,0.579844704339182,4.469139353740222,0.5310671915076793,0.626368307896916,380,95.0,2.7919973702296637
rankine,Rankine vortex,L2,6,1.0992789544472858,8.65249310544591,0.7933714909505334,0.6896718795065421,1.5061395192983935,0.5309789912924818,0.8929155592228603,0.13880269759409425,0.9338793113903205,0.30590746349675246,7.859121614495376,0.15869288821406025,0.9751605280059117,0.04096375216746029,0.7950766137962263,0.11243671562864102,0.900399667777708,8.635681734117933,1.0133716725785613,1.7151150678513551,0.7203004388239337,7.6223100615393715,0.9948146290274215,0.787962952149067,380,95.0,2.73978650549553
rankine,Rankine vortex,L2,7,1.1002724466812688,5.562890566147401,0.8805797889615409,0.6844905829222943,0.9857628127925735,0.5662859271931087,0.8928426256003567,0.32670067180792106,0.9183376596260926,0.2196926577197279,4.682310777185861,0.11820465572918559,0.41947688559946483,0.02549503402573594,0.5916369878181715,0.31466629291899967,0.9241477346108294,5.591491237790703,0.9034862952353997,1.1238033839756296,0.6570057580675112,4.688004942555303,0.46679762590811846,0.6094814416918297,380,95.0,2.7838144871727626
rankine,Rankine vortex,L3,0,1.1037646237290075,6.0281925825546665,0.8884667329411642,0.6870687748054102,1.1647042405533214,0.6373610324419366,0.8898388658558323,0.3280128369384208,0.9193313967262393,0.21529789078784334,5.1397258496135025,0.04970774236347353,0.5273432081113848,0.02949253087040704,0.5913185597878186,0.3369457919323274,0.9210965006545017,6.037182013149822,0.9783569929350371,1.3078417131673024,0.7710414425113604,5.058825020214785,0.5368002706559419,0.5841507087221742,380,95.0,2.6794327763453465
rankine,Rankine vortex,L3,1,1.0975166347645646,3.244715169007673,0.9384929510095452,0.7054550103366828,0.8535213319852233,0.6235093344702718,0.8871579911110239,0.5134130748131069,0.9039893483836471,0.1590236837550194,2.306222217998128,0.081945675866411,0.2300119975149515,0.016831357272623193,0.39057627357054014,0.4954860306801748,0.9246518087193873,3.2931261440699875,0.8613192910176879,0.8769258624123417,0.6321749943020737,2.4318068530523,0.24475086811026803,0.4291657780392125,380,95.0,2.7063268470975648
rankine,Rankine vortex,L3,2,1.1179189857873584,4.115190683945073,0.9968366082084582,0.718833476119428,0.9326996941732945,0.6711683398658917,0.8890283456326558,0.3956753157310122,0.8959374517987472,0.12108237757890017,3.118354075736615,0.0476651362535363,0.2615313543074027,0.006909106166091417,0.500262136067735,0.393329873069244,0.9156451440718549,4.103003764075723,0.9081277715208035,0.9949302824151055,0.7040007581937232,3.1948759925549193,0.2909295242213823,0.5223152710026109,380,95.0,2.7525845064251366
rankine,Rankine vortex,L3,3,1.0816450512146278,5.202613333911602,1.1038367330614596,0.6847188310150746,1.101411580021872,0.7072063348377967,0.8925433243218884,0.32002700113113675,0.8765136127139346,-0.022191681846831735,4.098776600850142,-0.022487503822722132,0.3942052451840753,-0.016029711607953856,0.5564866115827978,0.3715602732561257,0.9009956457210856,5.103438180890338,1.0475505457890057,1.1768147065772057,0.7610421974174288,4.055887635101332,0.4157725091597768,0.5294353724649599,380,95.0,2.8950721013865413
rankine,Rankine vortex,L3,4,1.118001638818618,7.665127200927804,0.9719132627465463,0.700115912591698,1.4566258611253513,0.6076169627977733,0.8885322156480555,0.3195959489316908,0.9003771590278964,0.1460883760720717,6.693213938181258,0.0924989497939247,0.849008898327578,0.011844943379840878,0.5807812100962055,0.22970185913508814,0.9270384922143822,7.867108552338057,0.9028233433442986,1.5577040212052131,0.6492918487208057,6.964285208993759,0.9084121724844074,0.697336633079294,380,95.0,2.621746101038308
rankine,Rankine vortex,L3,5,1.0833493151638005,5.582736439493943,1.1959813416090401,0.6914428117298698,1.1825342247537938,0.6277305762456115,0.8933423617436671,0.3361546937518983,0.8510579008585701,-0.11263202644523962,4.386755097884903,0.0637122354842583,0.5548036485081823,-0.042284460885096964,0.5149032071066718,0.34773759031466556,0.8781017561320471,5.582298473129641,1.1133304271652216,1.3138800561629647,0.6989526971000911,4.468968045964419,0.6149273590628735,0.5303641658173815,380,95.0,2.6958705439977497
rankine,Rankine vortex,L3,6,1.1205333839238514,7.0575219069831325,1.037413989870037,0.7200004713895507,1.3746610729303284,0.6448697274099005,0.880996017592806,0.21163648528160695,0.886047894977837,0.08311939405381441,6.020107917113096,0.07513074397965025,0.7297913455204279,0.0050518773850309895,0.67441140969623,0.21373038295361343,0.8859200508432131,7.023498600542298,1.0990108396827145,1.5390550524446462,0.7748552749405696,5.924487760859583,0.7641997775040766,0.6721896678895997,380,95.0,2.6821400001713727
rankine,Rankine vortex,L3,7,1.112085064384403,5.085232435200228,0.9750122957832189,0.7094565489083497,1.094055367707877,0.6689242921070672,0.8878725958591009,0.37935256135421497,0.899502924864765,0.137072768601184,4.1102201394170095,0.040532256801282585,0.42513107560080987,0.011630329005664075,0.52015036351055,0.34148689216100414,0.9080677573373568,5.1740193844471545,0.9812287267726626,1.1967945546677077,0.7344087026001503,4.192790657674492,0.46238585206755733,0.5665808651763526,380,95.0,2.661421854057339
lamb_oseen,Lamb-Oseen vortex,L0,0,2.627035362270844,2.3037165786846794,2.2964076017531516,1.1619668021362104,1.2256895143950042,1.1869727601221707,0.9826227573792274,0.9794018388944083,0.9842368838447385,0.3306277605176926,0.007308976931527766,-0.02500595798596028,0.0387167542728335,0.0016141264655110676,0.0048350449503301585,0.96944156097895,0.9759342977853995,0.5710886102362981,0.5238390831545463,0.4178090017286973,0.3732367252034023,0.047249527081751785,0.044572276525294996,0.006492736806449573,380,95.0,3.5317175839587245
lamb_oseen,Lamb-Oseen vortex,L0,1,2.5934252120891292,2.244335856811162,2.2617261582239467,1.127046138279878,1.1684287205017683,1.1636621659864868,0.9749256255618394,0.9811437567293957,0.9838198114374164,0.3316990538651825,-0.017390301412784748,-0.03661602770660877,0.004766554515281518,0.008894185875576999,0.002676054708020681,0.9600411397376236,0.9626592374565915,0.6059467746485084,0.5703370963166381,0.40244037760417384,0.36891466580071786,0.03560967833187034,0.03352571180345598,0.0026180977189679266,380,95.0,3.472740097029015
lamb_oseen,Lamb-Oseen vortex,L0,2,2.594483423269822,2.2470799841177005,2.2381427040790367,1.135837303400052,1.1749552849330487,1.1498252282926085,0.9828178563087046,0.9728039633705947,0.9763997489953128,0.35634071919078547,0.008937280038663786,-0.013987924892556514,0.025130056640440213,-0.006418107313391763,0.003595785624718073,0.9634543350841526,0.969914945956005,0.6035715839856869,0.5698773322507588,0.42444788598193234,0.3969185857437211,0.03369425173492813,0.027529300238211263,0.006460610871852457,380,95.0,3.1376082025540293
lamb_oseen,Lamb-Oseen vortex,L0,3,2.5769652560969885,2.264971948845665,2.29046072723575,1.120498549558937,1.2049125465996786,1.194027173574193,0.9834271083199688,0.9791050327549652,0.9813944986272973,0.28650452886123867,-0.025488778390084565,-0.07352862401525595,0.010885373025485645,-0.0020326096926714943,0.0022894658723321415,0.9619557144153241,0.9653458522383185,0.5903762113109758,0.5490550347918713,0.418898030806795,0.3772189139741622,0.0413211765191045,0.04167911683263281,0.0033901378229943546,380,95.0,3.4371106005198944
lamb_oseen,Lamb-Oseen vortex,L0,4,2.6301032765821084,2.291649624495681,2.2857795744378095,1.1780049782155817,1.2726270946589628,1.2529273700026926,0.9835907881719118,0.9799840572694407,0.9829589796213901,0.34432370214429886,0.005870050057871445,-0.07492239178711091,0.019699724656270234,-0.0006318085505216953,0.002974922351949405,0.9590791757288123,0.9633313693980027,0.6464604977506497,0.6186104656027183,0.454860354398254,0.4286019937074077,0.02785003214793147,0.026258360690846305,0.004252193669190385,380,95.0,3.4836208578818066
lamb_oseen,Lamb-Oseen vortex,L0,5,2.5789169481541947,2.244677022895942,2.2372136396885662,1.1324993539041153,1.1877941610535905,1.1639473054614426,0.9827336711530155,0.9767771535248269,0.9820750444325286,0.34170330846562846,0.007463383207375607,-0.03144795155732738,0.02384685559214783,-0.0006586267204868879,0.005297890907701719,0.964189012858154,0.9692818811361135,0.6091035213064092,0.574811263792766,0.43712294117216766,0.4002512668142282,0.034292257513643176,0.03687167435793948,0.005092868277959517,380,95.0,3.415895986476418
lamb_oseen,Lamb-Oseen vortex,L0,6,2.6060991448940376,2.2609744447179785,2.2614815656319864,1.1462817458084391,1.2241918078615819,1.2160776203041326,0.979143023570397,0.974914708603803,0.9775378687175801,0.34461757926205117,-0.0005071209140079525,-0.06979587449569347,0.008114187557449304,-0.0016051548528168702,0.0026231601137770566,0.9552851399989221,0.9576330010858815,0.6453215494200484,0.6294488881034529,0.4584148120365789,0.4430591295723061,0.015872661316595482,0.015355682464272824,0.0023478610869593908,380,95.0,3.7239324740986794
lamb_oseen,Lamb-Oseen vortex,L0,7,2.5934220043370098,2.2296078536147372,2.232304011659345,1.1399604973359634,1.201742717462803,1.1947397991047746,0.9818540473017391,0.9721949503148403,0.9751434917691839,0.36111799267766465,-0.002696158044607877,-0.054779301768811184,0.007002918358028465,-0.0067105555325551736,0.002948541454343645,0.9574265929359314,0.960565820713999,0.6507964094303234,0.626984704825668,0.46007329230587085,0.43866678278224874,0.023811704604655315,0.021406509523622108,0.0031392277780676325,380,95.0,3.6398000732763203
lamb_oseen,Lamb-Oseen vortex,L1,0,2.608931286138238,2.258849873938265,2.251673752373981,1.1605811153483174,1.2114457969103751,1.1825600523006587,0.9818172877232705,0.9729246861997551,0.9772870578282588,0.35725753376425695,0.007176121564283822,-0.02197893695234132,0.02888574460971638,-0.004530229895011728,0.004362371628503614,0.9687520759134044,0.9725308074112189,0.6150296925704584,0.5902149623031222,0.4610312577964514,0.4275818125193177,0.02481473026733616,0.03344944527713367,0.0037787314978144915,380,95.0,3.4447134568260367
lamb_oseen,Lamb-Oseen vortex,L1,1,2.613214880398632,2.290464857724314,2.3030807196636895,1.152232332205989,1.2130079308439299,1.196972115381045,0.9789006893922719,0.9741957707343543,0.979202726852291,0.3101341607349424,-0.012615861939375694,-0.044739783175056,0.016035815462884795,0.00030203746001911114,0.005006956117936778,0.9608066155436978,0.9665047419243229,0.5982068820815112,0.5486558091410688,0.4134146398496555,0.3666966932784759,0.049551072940442364,0.04671794657117956,0.005698126380625057,380,95.0,3.2815663593497937
lamb_oseen,Lamb-Oseen vortex,L1,2,2.591178240887563,2.2274447125396573,2.222836073525276,1.138774001857697,1.1779254031549495,1.1518966545831972,0.9826942225008717,0.9684958565061024,0.9714041151494429,0.36834216736228687,0.004608639014381133,-0.013122652725500172,0.026028748571752303,-0.011290107351428769,0.0029082586433405444,0.9622613777474499,0.965598300561457,0.6343055978335663,0.6128636384049148,0.4623312916602769,0.4333402592452924,0.02144195942865157,0.02899103241498452,0.003336922814007104,380,95.0,3.081456714135337
lamb_oseen,Lamb-Oseen vortex,L1,3,2.57555587545199,2.2387511351827567,2.294816510826361,1.1114506716797796,1.2143765254856116,1.2142095552483931,0.98207472977272,0.9727447418363255,0.9774672519391524,0.2807393646256289,-0.056065375643604476,-0.10275888356861351,0.0001669702372184556,-0.00460747783356763,0.004722510102826871,0.956895097638865,0.9625302617511481,0.6413523407031977,0.5624289766382942,0.4673426399829054,0.4071172381656177,0.07892336406490352,0.060225401817287694,0.005635164112283042,380,95.0,3.3496089071415147
lamb_oseen,Lamb-Oseen vortex,L1,4,2.6256689936490223,2.2525362696570395,2.2627858814414945,1.176679506024158,1.2529671252209953,1.235067980596744,0.9843425089504992,0.9764854115339919,0.9803524135209202,0.3628831122075278,-0.010249611784455048,-0.058388474572586,0.01789914462425135,-0.003990095429579066,0.0038670019869282424,0.9615748558694877,0.9666010022457564,0.6591940821041086,0.6149832973397042,0.4714144155773624,0.4329175571813778,0.04421078476440432,0.0384968583959846,0.0050261463762687475,380,95.0,3.1112933272800833
lamb_oseen,Lamb-Oseen vortex,L1,5,2.6015794722068684,2.276376136356656,2.2588303942243435,1.1598230052486396,1.2380082992854158,1.2022607297591725,0.9767989665177762,0.9706801035755492,0.9764609663641168,0.34274907798252485,0.017545742132312636,-0.04243772451053296,0.03574756952624325,-0.000338000153659368,0.005780862788567598,0.9510414753724543,0.9586402953022937,0.671971398421597,0.6316933882619925,0.48301600559916763,0.4456403254193894,0.04027801015960453,0.037375680179778215,0.007598819929839351,380,95.0,3.287708860828135
lamb_oseen,Lamb-Oseen vortex,L1,6,2.5682581699846296,2.233340468547799,2.2314214123977214,1.118386778236179,1.214854910243848,1.1828931301393901,0.975840840075135,0.9687552994490637,0.9762642260718106,0.33683675758690823,0.0019190561500774805,-0.06450635190321119,0.031961780104457826,0.00042338599667557375,0.0075089266227469365,0.948627762853581,0.9580487414941292,0.6692145466309876,0.605912144391869,0.48532251826506473,0.42929610044185934,0.06330240223911854,0.05602641782320539,0.00942097864054825,380,95.0,3.317239126789064
lamb_oseen,Lamb-Oseen vortex,L1,7,2.502505794290745,2.16730156684723,2.1653862030609456,1.0893024486191978,1.165454335233204,1.121930616911048,0.9803294561982869,0.963360624742025,0.9728627868663772,0.3371195912297993,0.0019153637862845407,-0.03262816829185011,0.04352371832215618,-0.007466669331909759,0.009502162124352176,0.9513142413266571,0.9629306606059795,0.6600476780015643,0.5822275751434564,0.47367918929985686,0.41262098263146296,0.07782010285810792,0.0610582066683939,0.011616419279322443,380,95.0,3.3817756853558256
lamb_oseen,Lamb-Oseen vortex,L2,0,2.613666407537691,2.2647176155723163,2.2612844149933395,1.1624648870753862,1.2546204023828242,1.2274668794551797,0.9796076593124087,0.9626741166084477,0.9663433445069471,0.35238199254435143,0.0034332005789767805,-0.06500199237979354,0.027153522927644502,-0.01326431480546153,0.0036692278984994386,0.9621499439879715,0.9683950667630401,0.680206410716059,0.642685034991451,0.526771055025413,0.4947972868501105,0.03752137572460801,0.03197376817530251,0.006245122775068612,380,95.0,3.0574650975623836
lamb_oseen,Lamb-Oseen vortex,L2,1,2.5804218639574223,3.615677687822278,2.304830173422194,1.14345247476885,1.4119856636017625,1.2365873113901864,0.9783937017714748,0.5091354460038602,0.9664581548857908,0.2755916905352285,1.3108475144000842,-0.09313483662133648,0.17539835221157607,-0.01193554688568399,0.4573227088819306,0.5049612519331723,0.9530069532614126,2.8898869488308074,0.6010888579613715,0.6326261456205202,0.42912885594655203,2.288798090869436,0.20349728967396818,0.4480457013282403,380,95.0,3.003320547133628
lamb_oseen,Lamb-Oseen vortex,L2,2,2.604238369434778,4.000121268186232,2.231941224725565,1.1597949655956337,1.488639488859035,1.2037434836357388,0.981248962771216,0.44073500849865854,0.9607407987495233,0.3722971447092127,1.7681800434606672,-0.04394851804010513,0.2848960052232963,-0.020508164021692643,0.5200057902508648,0.429805746650243,0.9538065012306554,3.2372726013895408,0.6869625112525096,0.7689251252176584,0.483467294510956,2.5503100901370312,0.28545783070670244,0.5240007545804124,380,95.0,2.9039183755605307
lamb_oseen,Lamb-Oseen vortex,L2,3,2.5827511776642798,2.2632464975852504,2.307861865025484,1.1253618780608747,1.277355506092013,1.2642465305439414,0.9804413362894143,0.9524592790561491,0.9575539171377887,0.2748893126387957,-0.044615367440233644,-0.1388846524830667,0.013108975548071555,-0.02288741915162562,0.005094638081639569,0.9389826260091079,0.9469962830851382,0.7354173651170965,0.6504908837676234,0.5591611029521937,0.4959233515260421,0.08492648134947312,0.06323775142615157,0.0080136570760303,380,95.0,3.129620102764862
lamb_oseen,Lamb-Oseen vortex,L2,4,2.6285028248076534,4.165519111880712,2.220699110347701,1.1831582649593024,1.4588564654026628,1.2338467483161035,0.9842654160999487,0.488738178622596,0.9771842508501813,0.40780371445995245,1.9448200015330115,-0.050688483356801095,0.22500971708655926,-0.007081165249767318,0.48844607222758535,0.4732220850550899,0.9645971744013823,3.594226863504376,0.666579634099536,0.6994503537313757,0.4687921140672013,2.92764722940484,0.23065823966417437,0.49137508934629237,380,95.0,2.878683926223159
lamb_oseen,Lamb-Oseen vortex,L2,5,2.6303311544078367,2.302402313020172,2.294865633662317,1.1743466491933987,1.2661683316614671,1.2282134251877106,0.9817177979743066,0.9626331837909688,0.9695939585676504,0.3354655207455197,0.0075366793578548474,-0.05386677599431189,0.037954906473756544,-0.012123839406656178,0.006960774776681555,0.9560681389557917,0.9645405037863255,0.6792247258290941,0.6269415197418863,0.5176780141056562,0.47137075840571663,0.05228320608720782,0.04630725569993954,0.008472364830533818,380,95.0,2.99213858755079
lamb_oseen,Lamb-Oseen vortex,L2,6,2.6064081164177693,8.943703621669838,2.2564432347263415,1.1346724728132627,2.1270756329871277,1.245163233108765,0.9644577080540406,0.16387489994984938,0.9619054938824646,0.3499648816914278,6.687260386943497,-0.11049076029550231,0.8819123998783627,-0.0025522141715760283,0.7980305939326152,0.14298532417593302,0.9327535696791781,8.49712730016157,0.7521736027949031,1.4284195926455565,0.5239359894249299,7.744953697366666,0.9044836032206266,0.7897682455032451,380,95.0,2.9685518585090085
lamb_oseen,Lamb-Oseen vortex,L2,7,2.622919648992495,2.312773542893835,2.310018421830201,1.1721211922492087,1.29941022961286,1.2647154763695965,0.9805684370942992,0.9465892853799116,0.9579924248253708,0.31290122716229396,0.0027551210636342915,-0.09259428412038773,0.03469475324326354,-0.022576012268928358,0.011403139445459232,0.9358554310571631,0.9491148798148413,0.7615662208969771,0.6736227347696516,0.5684717520451262,0.5016713302064171,0.0879434861273255,0.06680042183870916,0.01325944875767826,380,95.0,2.967839732601022
lamb_oseen,Lamb-Oseen vortex,L3,0,2.551637513063764,6.098292706637534,2.2780632618585948,1.1419195855037496,1.7255385053586134,1.2999953265707742,0.9749115425737815,0.3140956877668534,0.9593869646007871,0.2735742512051691,3.8202294447789393,-0.1580757410670246,0.4255431787878392,-0.015524577972994447,0.6452912768339336,0.3256489672089592,0.951473016624161,5.702904387394599,0.7076996943920578,1.0078345200822354,0.5663375042555584,4.995204693002542,0.441497015826677,0.6258240494152018,380,95.0,2.8176289518887576
lamb_oseen,Lamb-Oseen vortex,L3,1,2.6374633347148513,2.386060819535035,2.390335215391134,1.1710511310772405,1.3756729036588946,1.3221752896379186,0.9767943672009278,0.9352597748329697,0.9562383679816944,0.24712811932371714,-0.004274395856099122,-0.15112415856067818,0.05349761402097597,-0.020555999219233456,0.020978593148724634,0.9130287673622018,0.9380278203656884,0.8312279433135187,0.6819672561831374,0.5899264960760725,0.49873904066022345,0.14926068713038132,0.09118745541584905,0.024999053003486593,380,95.0,2.820827289458122
lamb_oseen,Lamb-Oseen vortex,L3,2,2.628926078807971,4.592455595558502,2.267671453631149,1.1914373051535734,1.5415640609313543,1.27896513487311,0.979810482216473,0.3874010318790814,0.9476732806943895,0.36125462517682205,2.324784141927353,-0.08752782971953654,0.2625989260582444,-0.03213720152208355,0.560272248815308,0.3796271391123386,0.9389349576190248,4.063742739054875,0.7580458276083915,0.831047020120723,0.5670805433472098,3.305696911446483,0.26396647677351315,0.5593078185066862,380,95.0,2.8271201071708227
lamb_oseen,Lamb-Oseen vortex,L3,3,2.5817072563887042,2.3185516957007084,2.3135005361821546,1.1439027700415392,1.3302410937724154,1.2876234558353317,0.9787348603626412,0.9247764351320059,0.9379962468750835,0.2682067202065497,0.005051159518553838,-0.1437206857937925,0.04261763793708373,-0.040738613487557696,0.013219811743077625,0.9190421587355263,0.9313362537648289,0.8201308250416285,0.7395682090554166,0.6287832221823829,0.5574880378618084,0.08056261598621184,0.07129518432057447,0.012294095029302565,380,95.0,2.902346291521164
lamb_oseen,Lamb-Oseen vortex,L3,4,2.6221719872665212,5.572045304979319,2.2472189521381085,1.1883306837781542,1.5800348327037042,1.243807756110463,0.9834311325525948,0.2727197281163808,0.9715736927844194,0.3749530351284127,3.3248263528412108,-0.05547707233230881,0.33622707659324114,-0.011857439768175437,0.6988539646680386,0.2671709024693414,0.9615815667884983,4.84792658771889,0.6676965485456569,0.8069261177300928,0.4721547898573941,4.1802300391732325,0.3347713278726987,0.6944106643191569,380,95.0,2.820966717290846
lamb_oseen,Lamb-Oseen vortex,L3,5,2.631345278244946,5.776122100923721,2.262721338092152,1.1875529944372607,1.6616971772285258,1.2317917736760116,0.9796248024551102,0.3161689368614104,0.9621196465216624,0.36862394015279376,3.513400762831569,-0.04423877923875086,0.4299054035525143,-0.017505155933447814,0.6459507096602519,0.3052878373209052,0.9608465665662608,5.338965904657859,0.6891925869689044,0.9584247732435526,0.5246982920004174,4.649773317688954,0.4337264812431352,0.6555587292453555,380,95.0,2.8860515991872133
lamb_oseen,Lamb-Oseen vortex,L3,6,2.575042103337088,6.274261555068777,2.208265683031441,1.124425639175285,1.6945186652675417,1.2454107964979515,0.9708417892329883,0.30927400648539805,0.9514957306967625,0.36677642030564694,4.065995872037336,-0.12098515732266657,0.4491078687695902,-0.01934605853622573,0.6422217242113645,0.2881035194211409,0.9346879122626164,5.910718931138122,0.7938701864952327,1.072109354360906,0.5742527632165739,5.11684874464289,0.497856591144332,0.6465843928414755,380,95.0,2.765321178843646
lamb_oseen,Lamb-Oseen vortex,L3,7,2.643565135968392,3.897364555609368,2.376958504682377,1.1935102302949248,1.5546376948877008,1.3475904965932275,0.977204894631825,0.5124794363590518,0.9515886626362957,0.2666066312860149,1.520406050926991,-0.15408026629830274,0.20704719829447327,-0.025616231995529315,0.4391092262772439,0.5007333274716775,0.9387819479387687,3.200694506921104,0.7216535511926127,0.7754399201675769,0.5401346603324313,2.4790409557284914,0.2353052598351456,0.43804862046709114,380,95.0,2.847229026353641
solid_rotation,Solid rotation,L0,0,0.6146663586923771,0.09376387019319835,0.07819834808932974,0.17882684906123106,0.07503967076747016,0.0626853981137568,5.761042054383422e-16,7.525923778900887e-16,3.4763133211463873e-16,0.5364680106030473,0.015565522103868606,0.11614145094747426,0.01235427265371336,-2.2847287332370343e-16,-4.0496104577544996e-16,0.15299406952040268,0.17207760745252057,0.6341420391523024,0.6309557321542018,0.22069463480848966,0.2125242871070893,0.00318630699810063,0.008170347701400377,0.019083537932117894,380,95.0,4.578458735288299
solid_rotation,Solid rotation,L0,1,0.20810340531892008,0.09213073918370987,0.07632166226006583,0.1147845188989021,0.07354880753468263,0.061606375997095446,1.7076630201562716e-15,2.1901755037737418e-15,6.254162367196225e-15,0.13178174305885426,0.01580907692364404,0.05317814290180665,0.01194243153758718,4.5464993470399534e-15,4.063986863422483e-15,0.020813068113566136,0.0040577098234470775,0.2256569684471682,0.2218049694714479,0.14881743383068557,0.1416522085394994,0.0038519989757203055,0.0071652252911861836,-0.01675535829011906,380,95.0,4.289276926149837
solid_rotation,Solid rotation,L0,2,0.19479830926378322,0.08970028758070095,0.07760062866643104,0.10116439661452421,0.0719524240513578,0.062333973272658535,1.6663961114328857e-15,3.2492621581525e-15,1.3293136277597086e-15,0.11719768059735218,0.012099658914269909,0.03883042334186568,0.009618450778699258,-3.3708248367317707e-16,-1.9199485303927914e-15,0.0020463982687711837,0.02354372971625259,0.21332160678230355,0.20735936663270851,0.1380960709257041,0.12953541390001166,0.005962240149595038,0.008560657025692447,0.021497331447481408,380,95.0,4.197347618096532
solid_rotation,Solid rotation,L0,3,0.26137959995502036,0.07938429027132136,0.0655121655673582,0.12904187779713366,0.0631700394826245,0.05237400063891274,9.770663600804796e-16,1.6009341427949691e-15,9.526768676845875e-15,0.19586743438766216,0.013872124703963165,0.07666787715822093,0.010796038843711754,8.549702316765395e-15,7.925834534050906e-15,0.050020171360101784,0.028675843620087786,0.26728706003828706,0.2663361868399823,0.15339686889091358,0.14768548779591195,0.0009508731983047802,0.005711381095001633,-0.021344327740013998,380,95.0,4.498874484726384
solid_rotation,Solid rotation,L0,4,0.31685953011050455,0.08217264572025104,0.07243080894149957,0.16682823498136,0.06739663433554545,0.05944063605056947,5.333076689018511e-16,3.960011653993354e-15,9.312760494546666e-15,0.244428721169005,0.00974183677875147,0.10738759893079054,0.00795599828497598,8.779452825644815e-15,5.352748840553312e-15,0.015424174438749131,0.015447288767257981,0.32759811014977086,0.324842419632894,0.19540904284360922,0.18971970613144226,0.002755690516876852,0.005689336712166954,2.3114328508849757e-05,380,95.0,4.378592676163348
solid_rotation,Solid rotation,L0,5,0.2682788815788913,0.07549143846905848,0.06323395440399417,0.13062447272851663,0.060318714191261974,0.05087811320216369,7.940326807976415e-16,1.505671232648486e-15,3.86844774511699e-15,0.20504492717489714,0.012257484065064314,0.07974635952635294,0.009440600989098283,3.0744150643193484e-15,2.3627765124685043e-15,0.01893863703316624,0.1431035845966455,0.27798667627984824,0.26758864083952943,0.15252970132823868,0.14417473750817825,0.010398035440318809,0.00835496382006043,0.12416494756347925,380,95.0,4.605969569122277
solid_rotation,Solid rotation,L0,6,0.24664201505671113,0.08364246208787483,0.07288052017562378,0.12677533955095524,0.06727410200826911,0.05798764410886981,2.518125462679485e-15,6.635943061394986e-15,2.853404865885465e-15,0.17376149488108733,0.01076194191225105,0.06878769544208543,0.009286457899399303,3.3527940320597993e-16,-3.782538195509521e-15,0.040847361236682464,0.0805082084943149,0.2646012019706635,0.26437901367816,0.16407299924905439,0.16133616775441623,0.00022218829250347794,0.002736831494638159,0.03966084725763244,380,95.0,4.729430731323422
solid_rotation,Solid rotation,L0,7,0.19946546114234376,0.08530425365535607,0.07182057982463752,0.10878160915073841,0.06822203255689424,0.0583039370336183,1.0880471651521442e-15,1.918187093967281e-15,1.3670878333239397e-15,0.12764488131770624,0.013483673830718551,0.050477672117120106,0.009918095523275938,2.790406681717955e-16,-5.510992606433415e-16,0.04827313356772423,0.09823101361349044,0.21343153159659534,0.20565947189012088,0.13985860588644808,0.1322115132870215,0.00777205970647446,0.007647092599426586,0.04995788004576621,380,95.0,4.551837853280183
solid_rotation,Solid rotation,L1,0,0.2488486387135469,0.15822773347850622,0.1414498966178605,0.13163376941446608,0.12669074508973482,0.11145217848527923,2.4465802322191124e-16,7.552316510890625e-16,3.2248915483619337e-16,0.1073987420956864,0.016777836860645712,0.02018159092918685,0.015238566604455592,7.783113161428213e-17,-4.327424962528691e-16,0.014895675146121156,0.06964724178817457,0.2962986340991288,0.2943599632818769,0.2127281157627767,0.20619380312004373,0.0019386708172519085,0.0065343126427329645,0.05475156664205341,380,95.0,4.257413689539019
solid_rotation,Solid rotation,L1,1,0.18851955800403256,0.15666058696323423,0.1412313568468094,0.10969551363582537,0.12386230381321205,0.11011448128862429,1.8449742494365353e-15,1.0852312363976527e-15,9.053240669560009e-16,0.04728820115722315,0.01542923011642483,-0.00041896765279891834,0.013747822524587755,-9.396501824805344e-16,-1.7990716944165186e-16,0.07730538919291084,0.07493929649225174,0.25320086259369473,0.24281984258932476,0.18109595551383476,0.16998294813720422,0.010381020004369967,0.01111300737663054,-0.0023660927006591004,380,95.0,4.160261974576585
solid_rotation,Solid rotation,L1,2,0.2514903778787477,0.16549176798278006,0.14082877716031883,0.11552895800626782,0.1340935565565125,0.11433699774911946,8.629888369413417e-16,2.9272140666322228e-15,1.4079967852812068e-15,0.11066160071842884,0.024662990822461234,0.001191960257148364,0.01975655880739305,5.450079483398651e-16,-1.519217281351016e-15,0.04848373379290662,0.06769990983422816,0.30375625324026734,0.29196251607414536,0.1995025727049455,0.1812800667606252,0.011793737166121976,0.018222505944320316,0.019216176041321538,380,95.0,3.998511355217968
solid_rotation,Solid rotation,L1,3,0.20720089024102836,0.1680951902686603,0.14722850703410056,0.10959074114274818,0.13485047930615562,0.11613395131568882,4.3241341747797533e-16,1.7995368660759323e-15,3.365322918923195e-15,0.0599723832069278,0.02086668323455973,-0.006543210172940642,0.018716527990466802,2.9329095014452195e-15,1.5657860528472626e-15,0.02038413697437836,0.021426019961855024,0.2757565376411346,0.2638184632201523,0.19946410971427325,0.18982653749129888,0.011938074420982325,0.009637572222974372,0.0010418829874766639,380,95.0,4.247760015451722
solid_rotation,Solid rotation,L1,4,0.24754667339831546,0.16491879513374183,0.1438661811849768,0.13961312230644346,0.13106778923377577,0.1159828218842685,4.732779945870992e-16,4.2810853693456016e-15,3.2523625390282625e-17,0.10368049221333867,0.021052613948765037,0.023630300422174955,0.015084967349507261,-4.4075436919681655e-16,-4.248561743955319e-15,0.0024864046316417305,0.006370122478995606,0.2969023727862797,0.2851417407693121,0.2145854785826256,0.20305654763446543,0.011760632016967587,0.011528930948160182,0.0038837178473538755,380,95.0,4.11480652854387
solid_rotation,Solid rotation,L1,5,0.27228443122273777,0.1526835039211859,0.13248706815145686,0.15902677994539183,0.12366938656609788,0.10830981183099302,1.2019832363212586e-16,1.531374725550291e-15,8.473255938708243e-16,0.1397973630712809,0.020196435769729043,0.05071696811439881,0.015359574735104867,7.271272702386984e-16,-6.840491316794667e-16,0.03723863687447272,0.01624661498417112,0.3071066476472568,0.3007872985478657,0.21752231248299117,0.2069048088879468,0.006319349099391136,0.010617503595044375,-0.020992021890301603,380,95.0,4.332138369541626
solid_rotation,Solid rotation,L1,6,0.3140714553846883,0.18037481947209352,0.16758283759027418,0.14706179925298715,0.14570186950045366,0.13361428171012332,1.2177382161693872e-15,0.0,2.942534953156702e-16,0.1464886177944141,0.012791981881819348,0.01344751754286383,0.01208758779033034,-9.23484720853717e-16,2.942534953156702e-16,0.014192583696980579,0.01774221266698147,0.364886689025907,0.35914799118970375,0.23940135883409971,0.2300505258160146,0.005738697836203233,0.00935083301808512,0.0035496289700008912,380,95.0,4.31628304681816
solid_rotation,Solid rotation,L1,7,0.28974329264187837,0.1716352365900208,0.1450310027368024,0.12688576144404487,0.13491479686505176,0.11428363370429064,1.7192590469238987e-15,8.447418603181808e-16,2.86881931158758e-15,0.14471228990507598,0.026604233853218417,0.012602127739754235,0.02063116316076112,1.1495602646636812e-15,2.024077451269399e-15,0.011471470700229459,0.018096752130471537,0.33633790788913115,0.32664555522921945,0.21327935682689808,0.19719425941671023,0.009692352659911696,0.01608509741018785,0.006625281430242078,380,95.0,4.1625527170516525
solid_rotation,Solid rotation,L2,0,0.23880254059170833,0.27745938340351417,0.24877170958506817,0.13443352858848542,0.21983280272566433,0.19565566437721782,0.23499956526746418,0.09105036683973104,0.08590841953630718,-0.00996916899335984,0.028687673818446002,-0.061222135788732396,0.02417713834844651,-0.149091145731157,-0.005141947303423863,0.003792389696065126,0.04208482982481281,0.36537467597427364,0.3508871892104134,0.2837420562744931,0.2711539739106998,0.014487486763860247,0.01258808236379333,0.03829244012874769,380,95.0,3.687067496557848
solid_rotation,Solid rotation,L2,1,0.2033931660634756,0.2689861877400517,0.22082252571164382,0.11583126637690863,0.21593843623459957,0.17758978686836713,0.026051881474402558,0.016191870528155346,0.0006520257094938506,-0.01742935964816822,0.048163662028407855,-0.061758520491458496,0.038348649366232446,-0.025399855764908708,-0.015539844818661495,0.023387325912398914,0.00894050833173336,0.34031946108128813,0.3008617497944863,0.26305229832640237,0.2299803480598709,0.03945771128680181,0.03307195026653148,-0.014446817580665555,380,95.0,3.5979945173140435
solid_rotation,Solid rotation,L2,2,0.20029195511841708,0.31070328116734924,0.26645581764734527,0.11261974823380876,0.24597831474963935,0.20628948093516614,0.07427062755792732,0.10096926204933437,0.10699325990714444,-0.0661638625289282,0.04424746352000397,-0.09366973270135738,0.03968883381447322,0.032722632349217115,0.006023997857810062,0.0061768473397164686,0.015977397094590094,0.36304818467366606,0.3284097423879178,0.2798931756964193,0.25035221350097075,0.03463844228574825,0.02954096219544855,0.009800549754873624,380,95.0,3.496904104110343
solid_rotation,Solid rotation,L2,3,0.32477962988913917,0.3140503223117579,0.2750695559689443,0.14745535651468553,0.248923328926531,0.21136677222049963,0.062360492483107995,0.011940249087289287,0.061599643424029946,0.049710073920194886,0.03898076634281361,-0.0639114157058141,0.03755655670603136,-0.000760849059078049,0.04965939433674066,0.09020533153579935,0.06457105756278311,0.4780243838937117,0.4463725542397309,0.3357968038307429,0.30891185185511144,0.031651829653980834,0.026884951975631455,-0.025634273973016236,380,95.0,3.772641755078535
solid_rotation,Solid rotation,L2,4,0.2518252567882376,0.281196145474802,0.2403976781620344,0.1413163837830006,0.21270064711170775,0.18338507746501778,0.06849375107398745,0.08771411756959356,0.0784726241769967,0.011427578626203194,0.040798467312767595,-0.04206869368201718,0.029315569646689965,0.009978873103009253,-0.009241493392596861,0.06256832758863996,0.011253872125857262,0.3661480214634317,0.3471041950385862,0.2766936820853447,0.26024459352815354,0.019043826424845534,0.016449088557191183,-0.0513144554627827,380,95.0,3.5477106972172705
solid_rotation,Solid rotation,L2,5,0.2884808726479201,0.253081384867231,0.22058672895876694,0.17865691764869648,0.2056744023526012,0.17693782610917563,0.04312093573093305,0.04099227229787072,0.06085876536306342,0.06789414368915317,0.03249465590846404,0.0017190915395208506,0.02873657624342557,0.017737829632130372,0.019866493065192704,0.03376697671507436,0.05324297551646681,0.37742168013555155,0.3538908672294421,0.28640402689795236,0.26144044573165676,0.023530812906109477,0.0249635811662956,0.019475998801392454,380,95.0,3.7536632067464044
solid_rotation,Solid rotation,L2,6,0.2949565698540433,0.29870134283866073,0.2553848746195381,0.14994752695760424,0.2392212109138501,0.2034555638846489,0.1580181847552984,0.0016524634717162382,0.04600205939131274,0.039571695234505155,0.043316468219122606,-0.053508036927044644,0.03576564702920121,-0.11201612536398567,0.0443495959195965,0.04454108308333187,0.011376759782303271,0.4288444413334051,0.39220068982168144,0.3163302618057651,0.2891500820090939,0.036643751511723666,0.0271801797966712,-0.0331643233010286,380,95.0,3.4847552534570805
solid_rotation,Solid rotation,L2,7,0.22279676240037014,0.3003127650757602,0.23878740635658552,0.12606716799899823,0.2305449412284162,0.1872910630666599,0.19973120607490075,0.06833638958677965,0.06584403777655624,-0.015990643956215383,0.061525358719174694,-0.06122389506766168,0.0432538781617563,-0.13388716829834452,-0.002492351810223406,0.0331715045076633,0.08552443556030546,0.3695605169464979,0.31432548832744084,0.27677054670862,0.24242232925422835,0.05523502861905705,0.03434821745439165,0.05235293105264217,380,95.0,3.567812675468728
solid_rotation,Solid rotation,L3,0,0.26989247109245684,0.3835124702349217,0.35369678492844636,0.16046920073289841,0.3074490221793956,0.2843402248687515,0.17957551281295975,0.09637824105173458,0.1381110204736138,-0.08380431383598952,0.029815685306475326,-0.12387102413585308,0.023108797310644136,-0.04146449233934596,0.04173277942187921,0.040086154452072746,0.043948820885985194,0.45912200391412394,0.43291226885249695,0.360944470140594,0.33898520847048724,0.026209735061626993,0.021959261670106756,0.0038626664339124483,380,95.0,3.2524412544100723
solid_rotation,Solid rotation,L3,1,0.2246701523825235,1.0542600325145772,0.33825399265045225,0.13419380104306822,0.366550492425362,0.26958725294504454,0.20704201851398463,0.11454215542394916,0.14166638348080218,-0.11358384026792875,0.716006039864125,-0.13539345190197632,0.09696323948031743,-0.06537563503318244,0.027124228056853023,0.10594822220130788,0.08412528020828662,1.098031086641886,0.4188358130761084,0.4156462606690393,0.3233201849102951,0.6791952735657777,0.09232607575874419,-0.02182294199302126,380,95.0,3.156858408874154
solid_rotation,Solid rotation,L3,2,0.22648308231352612,0.3790967483188499,0.30184613538080013,0.13390190023382678,0.28908988330806784,0.2245954451667584,0.0392485974712174,0.03096340813124353,0.04570518404866418,-0.075363053067274,0.07725061293804975,-0.09069354493293161,0.06449443814130945,0.006456586577446778,0.014741775917420648,0.0593127308884941,0.09326056403672103,0.4283982249772942,0.35869445078682355,0.3294890545357053,0.2719373058010477,0.06970377419047064,0.057551748734657626,0.033947833148226934,380,95.0,3.17397734059697
solid_rotation,Solid rotation,L3,3,0.29430825783148346,0.45409184732106744,0.38364055158195226,0.16658488658437257,0.35780594713676395,0.30073777048020456,0.028020387586294625,0.015316292660445102,0.005465378863447536,-0.0893322937504688,0.07045129573911518,-0.134152883895832,0.05706817665655939,-0.02255500872284709,-0.009850913796997566,0.055800560818169455,0.03626024271380558,0.5641389751387141,0.503411403031579,0.43218207520241964,0.3837858560498966,0.060727572107135086,0.04839621915252301,-0.019540318104363873,380,95.0,3.2347076887899773
solid_rotation,Solid rotation,L3,4,0.2542799417989899,0.33747837232222844,0.30242339509339283,0.14830092599244662,0.27078233187081613,0.24307344450306756,0.0899660940236796,0.08580350015638492,0.10258768613942562,-0.04814345329440295,0.035054977228835604,-0.09477251851062093,0.02770888736774857,0.012621592115746025,0.016784185983040698,0.04118977149138428,0.02483115982352852,0.413544936992446,0.3897152579096396,0.3158559818398285,0.2967024207663811,0.023829679082806365,0.0191535610734474,-0.01635861166785576,380,95.0,3.231236922202577
solid_rotation,Solid rotation,L3,5,0.29033397130001415,0.33659189068301243,0.29324318946422295,0.19180642121846148,0.2709925839250017,0.23694065274707,0.018994126776585293,0.051370487605723256,0.03974428049538794,-0.0029092181642088044,0.043348701218789476,-0.045134231528608515,0.034051931177931705,0.020750153718802646,-0.011626207110335317,0.05345995236674631,0.06628797788354375,0.43274237352956585,0.39876258099461503,0.33282481337704595,0.30528771792753534,0.033979792534950815,0.027537095449510607,0.012828025516797438,380,95.0,3.3550844376449422
solid_rotation,Solid rotation,L3,6,0.38758119099144084,4.721235803686794,0.3433614354973219,0.1669496015605636,0.6025534417411131,0.26960683936947816,0.1766859896573683,0.0012007587883563987,0.05685234294492452,0.04421975549411894,4.377874368189472,-0.10265723780891456,0.332946602371635,-0.11983364671244376,0.055651584156568124,0.0030085492365812677,0.08821371952210068,4.737361610761002,0.5437471928214171,0.6934564830570804,0.36211743858973255,4.1936144179395844,0.33133904446734785,0.08520517028551941,380,95.0,3.0471360827339615
solid_rotation,Solid rotation,L3,7,0.27235057309072336,0.4086904618693548,0.33378539974187166,0.15356798454333978,0.3160343784684848,0.2607016452670432,0.16205792815603903,0.1323048686483599,0.19571409491645742,-0.0614348266511483,0.07490506212748316,-0.10713366072370342,0.05533273320144161,0.03365616676041838,0.0634092262680975,0.04203322129090295,0.024758161414022293,0.49979995900348223,0.4350467936296892,0.36904450344271,0.32037937917417497,0.06475316537379305,0.04866512426853503,-0.017275059876880657,380,95.0,3.164560194386165
mixed_vortex,Vortex + translation + shear,L0,0,2.526559528212351,2.171141116087278,2.164650169300763,1.0403921141237102,1.0992365804271471,1.0665422407261396,0.9747378631121602,0.9753940212722931,0.9792276396836116,0.3619093589115878,0.006490946786514851,-0.026150126602429324,0.032694339701007546,0.004489776571451443,0.0038336184113184624,0.9637876510068561,0.9700731583858441,0.592225758731033,0.555549036500266,0.3949507772960461,0.3595787802006475,0.03667672223076701,0.03537199709539862,0.00628550737898792,380,95.0,3.4503483096931893
mixed_vortex,Vortex + translation + shear,L0,1,2.417444660890243,2.0819940865235846,2.09469532153915,0.9859271830250045,1.0394334024873142,1.0343456229528536,0.9743825377735907,0.9752688724677049,0.9769765295735466,0.32274933935109296,-0.012701235015565526,-0.04841843992784911,0.005087779534460601,0.002593991799955897,0.0017076571058417533,0.960206220804519,0.9627110960552603,0.5699695372570679,0.5449798681211,0.3750701820266025,0.3560731096623336,0.024989669135967896,0.018997072364268952,0.0025048752507412786,380,95.0,3.404087816477601
mixed_vortex,Vortex + translation + shear,L0,2,2.504823298491941,2.1280878929094076,2.1364270599527733,1.0513546839773,1.0689213775420758,1.0533599288666247,0.9773694245053522,0.9697241545405872,0.9759562178119618,0.3683962385391677,-0.00833916704336568,-0.002005244889324631,0.015561448675451173,-0.0014132066933904008,0.006232063271374599,0.9617728104170022,0.9685062708668714,0.6189348777708787,0.5697365687567447,0.4226260004312686,0.3865110340382206,0.04919830901413402,0.036114966393047954,0.006733460449869111,380,95.0,3.1234581913330457
mixed_vortex,Vortex + translation + shear,L0,3,2.4975644050682324,2.158953226833274,2.1619647213348077,1.0436207285418986,1.1237834395176238,1.0972107293391966,0.9774001700493808,0.9709507795693153,0.9750007630857922,0.33559968373342475,-0.003011494501533818,-0.05359000079729803,0.026572710178427217,-0.002399406963588646,0.004049983516476896,0.9521146899026469,0.9575099202492923,0.6390138698511943,0.6057940799065721,0.4441586597964763,0.40689256163549287,0.03321978994462227,0.03726609816098342,0.005395230346645352,380,95.0,3.2429880124084245
mixed_vortex,Vortex + translation + shear,L0,4,2.522233670353573,2.1991322463139156,2.1991990899866862,1.056792961390373,1.1379097338514401,1.1175663587644824,0.976420636970821,0.970904788539759,0.973451988497721,0.3230345803668868,-6.684367277065562e-05,-0.06077339737410936,0.020343375086957716,-0.0029686484731000773,0.002547199957961932,0.953271068603225,0.9570349548606957,0.6334783454723479,0.6111181250693101,0.43888429465344636,0.41248833356053255,0.022360220403037867,0.02639596109291381,0.0037638862574707055,380,95.0,3.115390539460587
mixed_vortex,Vortex + translation + shear,L0,5,2.4973566890742465,2.1258303216701506,2.123120342103359,1.0390040734589674,1.0807007768263888,1.0460580263009627,0.9755186824987376,0.9671051016103982,0.9722069726098378,0.37423634697088737,0.0027099795667915316,-0.007053952841995281,0.03464275052542609,-0.0033117098888998386,0.005101870999439595,0.9573398606536173,0.9645617678609711,0.6562223084440577,0.6138401859722076,0.45101573969551706,0.4110142815087595,0.04238212247185014,0.040001458186757544,0.007221907207353828,380,95.0,3.233413314819936
mixed_vortex,Vortex + translation + shear,L0,6,2.5145429704867395,2.1505689685787006,2.1487736104018538,1.0622735008943756,1.1413385487286654,1.1291654478044693,0.9695818576415508,0.9689538808013252,0.9724068107981046,0.3657693600848857,0.0017953581768468396,-0.0668919469100937,0.0121731009241961,0.0028249531565538444,0.0034529299967794858,0.9385855370911311,0.9425201537209681,0.7078817870570591,0.6905780962742216,0.4783335652413179,0.45653452404960465,0.017303690782837444,0.021799041191713275,0.003934616629836962,380,95.0,3.572093213230438
mixed_vortex,Vortex + translation + shear,L0,7,2.5291014160379857,2.144211060183356,2.1347749829935556,1.0837657799737874,1.1340322996653198,1.1015839302312938,0.9756718006870122,0.9671835475702601,0.9725440835410895,0.39432643304443005,0.00943607718980033,-0.017818150257506327,0.03244836943402607,-0.003127717145922748,0.0053605359708293054,0.9508972423614291,0.956521844917261,0.6717951974610935,0.6401475686581873,0.4656211654690322,0.4308973725237173,0.03164762880290617,0.03472379294531491,0.005624602555831859,380,95.0,3.3861721860057217
mixed_vortex,Vortex + translation + shear,L1,0,2.5330875748724373,2.178625620093494,2.18348635918123,1.045921068170925,1.1351596425890107,1.102508050778322,0.9747661900737792,0.9641918717300516,0.96811875852048,0.3496012156912074,-0.004860739087735766,-0.05658698260739703,0.03265159181068866,-0.006647431553299166,0.003926886790428408,0.958215378120537,0.9642657005257944,0.6505177249422973,0.605736716611206,0.4630265364243128,0.421915932371778,0.04478100833109133,0.041110604052534805,0.00605032240525738,380,95.0,3.235781488340344
mixed_vortex,Vortex + translation + shear,L1,1,2.4854362502215226,2.1781475698254598,2.1932522800864493,1.036922569562689,1.1303745622088077,1.113890309459592,0.974408541862902,0.9653642461491798,0.9712373955761937,0.29218397013507325,-0.015104710260989584,-0.07696773989690309,0.016484252749215722,-0.0031711462867083373,0.005873149427013891,0.950727348820527,0.9585203167951155,0.6147714920033523,0.5639660859342192,0.4200333083381,0.38320283930887133,0.0508054060691332,0.03683046902922865,0.007792967974588505,380,95.0,3.2332084496932016
mixed_vortex,Vortex + translation + shear,L1,2,2.5130506058128015,2.1131432662803795,2.1167016884893335,1.0600806153610498,1.0985364677956284,1.0892568865774148,0.976838993442534,0.9624351218099522,0.9662997631116017,0.396348917323468,-0.0035584222089539708,-0.029176271216365013,0.009279581218213595,-0.010539230330932292,0.0038646413016495407,0.9565617062026478,0.9594749163068356,0.685906345856466,0.6617251974650534,0.4836778919555285,0.46096935122265165,0.02418114839141261,0.02270854073287687,0.002913210104187769,380,95.0,2.9543604245011026
mixed_vortex,Vortex + translation + shear,L1,3,2.4617319888057785,2.106287708219023,2.0894258487446287,1.025618627388274,1.1282703732355785,1.0834290588124884,0.9774852851938888,0.9622900203068978,0.9682817587211123,0.3723061400611498,0.016861859474394336,-0.05781043142421449,0.04484131442309014,-0.009203526472776447,0.00599173841421452,0.946438843981244,0.9524766402024901,0.6994238903807067,0.6691500915988471,0.48756236748213083,0.4517600261412379,0.03027379878185965,0.03580234134089294,0.006037796221246117,380,95.0,3.2822643128367806
mixed_vortex,Vortex + translation + shear,L1,4,2.4867548133357236,5.195945054884233,2.1585630452679276,1.0585326097930081,1.3803690396911208,1.1349352122048035,0.9745663344642544,0.2713457658629769,0.9631753944005018,0.32819176806779593,3.0373820096163056,-0.07640260241179542,0.24543382748631726,-0.01139094006375263,0.6918296285375249,0.30395952078613153,0.9441792858820479,4.444317051141991,0.6858394170086928,0.7009406600805698,0.4616398462742787,3.758477634133298,0.2393008138062911,0.6402197650959164,380,95.0,3.1487033736287766
mixed_vortex,Vortex + translation + shear,L1,5,2.5357866887281966,2.157702729277972,2.1496630698339647,1.0756893074455536,1.1296590419893293,1.090425821012924,0.9758558062872836,0.9627609050541713,0.970374130404023,0.38612361889423186,0.008039659444007086,-0.01473651356737049,0.03923322097640525,-0.0054816758832606505,0.007613225349851649,0.9532474223932257,0.9610629701284867,0.6889092209489593,0.6412140609151135,0.4879078956590906,0.43820043024361693,0.047695160033845885,0.04970746541547366,0.007815547735261053,380,95.0,3.137707988120132
mixed_vortex,Vortex + translation + shear,L1,6,2.513158847822986,2.2059329598393984,2.2050009871317164,1.061717558298659,1.23257913437777,1.212036166646091,0.9706100064772877,0.9576347272102699,0.9617924312784161,0.3081578606912694,0.0009319727076819717,-0.15031860834743194,0.02054296773167885,-0.008817575198871608,0.004157704068146195,0.9235001961452705,0.9279308687222045,0.7734455669938344,0.7535822589662158,0.542014100422927,0.5139678648037146,0.019863308027618598,0.02804623561921238,0.0044306725769340805,380,95.0,3.1617707577587835
mixed_vortex,Vortex + translation + shear,L1,7,2.4396509222661535,5.3875599938803855,2.122073384030291,1.0446914546231587,1.4959921638329374,1.1324701066438358,0.9750191477101622,0.3269103386366049,0.9671764109219797,0.31757753823586254,3.2654866098500945,-0.08777865202067714,0.3635220571891016,-0.00784273678818248,0.6402660722853748,0.3134996053679659,0.9453379992575772,5.016166838892654,0.6360221557256954,0.8535480272376545,0.45840483685510586,4.380144683166959,0.3951431903825487,0.6318383938896113,380,95.0,3.1581357764372284
mixed_vortex,Vortex + translation + shear,L2,0,2.5426501148477056,3.406226797476683,2.1775073341527644,1.0705900923725618,1.328903624030097,1.1446925020743353,0.9738690784404503,0.5535067061020615,0.9574915142685543,0.3651427806949412,1.2287194633239187,-0.07410240970177351,0.18421112195576184,-0.016377564171896064,0.40398480816649274,0.5701136680168002,0.9579746641906182,2.7636715457767727,0.6860861996174397,0.687497472834048,0.5056592465605837,2.077585346159333,0.18183822627346435,0.387860996173818,380,95.0,3.0144264205434617
mixed_vortex,Vortex + translation + shear,L2,1,2.5155833990274163,2.239882978213865,2.2658428958852284,1.0484236853843358,1.2301791778435742,1.2000467837918134,0.9727295724562495,0.9513169772681955,0.9586903224951367,0.249740503142188,-0.025959917671363186,-0.15162309840747756,0.030132394051760825,-0.01403924996111272,0.007373345226941219,0.9313258282731925,0.9427893746113293,0.7047047827647712,0.6295784955839417,0.5090431108825568,0.447892791263093,0.07512628718082948,0.06115031961946382,0.011463546338136732,380,95.0,3.0033442658204383
mixed_vortex,Vortex + translation + shear,L2,2,2.5226502519604987,2.1245439547199805,2.1276342173506664,1.0698780845257474,1.1650986484584123,1.1380666706168157,0.9764924277306619,0.9459313261048035,0.9557875367096604,0.39501603460983237,-0.0030902626306859027,-0.06818858609106826,0.02703197784159661,-0.02070489102100148,0.009856210604856974,0.9415482040235438,0.9507784776869713,0.795353288539309,0.7312594497327681,0.5742322449519995,0.5239420969930876,0.06409383880654085,0.05029014795891196,0.009230273663427546,380,95.0,2.7914581429916354
mixed_vortex,Vortex + translation + shear,L2,3,2.4587579448216847,4.611680536113466,2.1267256184424226,1.0234615447429964,1.3915170931043217,1.1411302516034598,0.9770661485796309,0.3761122093292432,0.9569642815320993,0.33203232637926217,2.4849549176710437,-0.11766870686046338,0.2503868415008619,-0.020101867047531585,0.5808520722028561,0.37610686996194415,0.9394740998290083,4.165381542219413,0.714350873334034,0.7693024002830833,0.5009564091540663,3.4510306688853793,0.268345991129017,0.5633672298670642,380,95.0,3.1587981593288106
mixed_vortex,Vortex + translation + shear,L2,4,2.5108517889366992,2.2010550862404075,2.1847969033604913,1.0611244630754526,1.2037677503110609,1.1633195002168286,0.9773069252333457,0.9557067523975002,0.9641331256291457,0.326054885576208,0.016258182879916205,-0.10219503714137601,0.04044825009423225,-0.013173799604200065,0.008426373231645412,0.9376925847085986,0.9459043928192467,0.7367401103705868,0.6970405006582577,0.5123280719978015,0.4699112870292119,0.03969960971232911,0.04241678496858958,0.008211808110648033,380,95.0,2.8366891598993895
mixed_vortex,Vortex + translation + shear,L2,5,2.4957504559241888,5.994846911049507,2.1643203752481948,1.0463224784091987,1.62733506185184,1.1325869817362124,0.975133951747549,0.2779439863467943,0.9651887278467022,0.331430080675994,3.830526535801312,-0.08626450332701374,0.49474808011562765,-0.009945223900846845,0.6872447414999079,0.2740228452838588,0.9549003634912006,5.602119678183224,0.6549940880671642,0.9970081017050626,0.4784978956508158,4.94712559011606,0.5185102060542468,0.6808775182073418,380,95.0,2.9694624109703147
mixed_vortex,Vortex + translation + shear,L2,6,2.5004062538606826,2.2024954812903887,2.2013187096840467,1.0595985290307106,1.2827226710744135,1.2601883225625958,0.9735036675764358,0.9442421406158515,0.9499248301041848,0.29908754417663586,0.0011767716063419975,-0.20058979353188522,0.02253434851181768,-0.02357883747225098,0.005682689488333281,0.9119872155736028,0.9205554600411402,0.8480867148423008,0.805876270773403,0.6101566459785042,0.5717011260889701,0.042210444068897846,0.03845551988953411,0.008568244467537345,380,95.0,2.862236064576552
mixed_vortex,Vortex + translation + shear,L2,7,2.464383376853259,3.4671809995789626,2.129401232739899,1.057648991643786,1.3405077957123275,1.1630431787630768,0.9726153978991926,0.5111773804672807,0.9503568567526294,0.33498214411336,1.3377797668390636,-0.10539418711929094,0.17746461694925064,-0.022258541146563227,0.4391794762853487,0.5050967416945512,0.9304986020028946,2.8558081630430356,0.7342122376935009,0.7300969409101139,0.537289220045253,2.121595925349535,0.19280772086486087,0.42540186030834337,380,95.0,2.9170453342696323
mixed_vortex,Vortex + translation + shear,L3,0,2.5463417186981476,6.406269499850862,2.1467794622278884,1.0850237093695514,1.7588822828255226,1.1834161941857642,0.9729564610808888,0.28829120265433567,0.9494248851014868,0.3995622564702592,4.259490037622974,-0.09839248481621277,0.5754660886397585,-0.02353157597940203,0.6611336824471512,0.2711136308212068,0.9509290087768385,6.0772467107979065,0.7805199336635369,1.1727373915437038,0.5937145343689514,5.29672677713437,0.5790228571747524,0.6798153779556317,380,95.0,2.773851572607448
mixed_vortex,Vortex + translation + shear,L3,1,2.528056274129567,2.274923505877707,2.283493581006494,1.0695829892570856,1.30583373284105,1.2482362798428506,0.9701402349559097,0.9342539285766652,0.9501983873243324,0.24456269312307288,-0.008570075128786936,-0.17865329058576496,0.057597452998199516,-0.01994184763157736,0.015944458747667145,0.91123662369653,0.9300474033984241,0.8029721206900101,0.6889951020514906,0.604918320606594,0.5115126362128132,0.1139770186385195,0.09340568439378083,0.018810779701894043,380,95.0,2.842173525258927
mixed_vortex,Vortex + translation + shear,L3,2,2.536601624488269,4.34578417799281,2.151493141308616,1.0956935129688965,1.407917600457277,1.1705214138616147,0.9753403206528475,0.4444566674631579,0.9521301141564896,0.3851084831796534,2.194291036684194,-0.07482790089271818,0.23739618659566242,-0.023210206496357855,0.5076734466933317,0.4421573474725243,0.9501219860628735,3.8678480584317936,0.7141165830564594,0.8090646974084964,0.538578318382256,3.1537314753753343,0.2704863790262404,0.5079646385903491,380,95.0,2.8953329707377695
mixed_vortex,Vortex + translation + shear,L3,3,2.504213509948581,5.101931999080918,2.227160907185641,1.0634339233195846,1.5872910101181033,1.2135620836921799,0.9764913934534759,0.34338259134355464,0.9539276016949794,0.2770526027629403,2.874771091895277,-0.15012816037259524,0.37372892642592337,-0.022563791758496543,0.6105450103514247,0.3310095879546102,0.9365695622357675,4.667809700820711,0.6911262403119648,0.9261849047505645,0.5093785363513954,3.976683460508746,0.41680636839916907,0.6055599742811573,380,95.0,2.9740279150435622
mixed_vortex,Vortex + translation + shear,L3,4,2.516504831850118,5.386673517612565,2.188917074406098,1.0729309382340668,1.4786883782776397,1.1912768177822757,0.976987010119635,0.2793017493020492,0.9626759100020005,0.3275877574440198,3.197756443206467,-0.11834587954820885,0.287411560495364,-0.014311100117634479,0.6833741606999513,0.25657511271142924,0.9466666423907241,4.7661213391775075,0.6977255788638291,0.7710129150438376,0.4885666860295759,4.0683957603136784,0.2824462290142617,0.6900915296792949,380,95.0,2.713473718637013
mixed_vortex,Vortex + translation + shear,L3,5,2.544633418553367,5.132739171184698,2.2097439327062927,1.1004379762539604,1.5915620012943332,1.2237832893024896,0.9742024170828344,0.3906719378883199,0.9550676393482787,0.33488948584707456,2.9229952384784057,-0.12334531304852914,0.36777871199184364,-0.01913477773455574,0.5643957014599588,0.40846426105308803,0.945215666263252,4.875901325064638,0.741512539202867,1.0066976203072764,0.57160919453606,4.134388785861772,0.4350884257712164,0.5367514052101641,380,95.0,2.9550471405141745
mixed_vortex,Vortex + translation + shear,L3,6,2.492709067239169,2.188540021833322,2.1785137958249035,1.0633440513167087,1.3077680016903594,1.2804850872480487,0.9692756001133821,0.9328905772139883,0.9381571808655492,0.3141952714142655,0.010026226008418515,-0.21714103593133993,0.02728291444231079,-0.031118419247832874,0.005266603651560953,0.8990408178676065,0.9061436629920232,0.9471039162962996,0.9161732916369053,0.6800618958954331,0.6436370611526492,0.030930624659394335,0.03642483474278391,0.0071028451244167234,380,95.0,2.833382788619231
mixed_vortex,Vortex + translation + shear,L3,7,2.543255364232024,3.634131244325367,2.191084719810089,1.1022271072327845,1.4214481388947469,1.2262393502503814,0.9680645319994772,0.5022690620704456,0.9424780748087594,0.352170644421935,1.4430465245152782,-0.12401224301759695,0.19520878864436542,-0.025586457190717726,0.4402090127383138,0.49923574402385046,0.9253312760433157,3.049989087185222,0.791482584888519,0.8166900860823582,0.6005380912190764,2.2585065022967035,0.21615199486328174,0.4260955320194652,380,95.0,2.829490723004303
