flow,seed,corr_proxy_raw,corr_proxy_new,corr_true_raw,corr_true_new,rmse_proxy_raw,rmse_proxy_new,rmse_true_raw,rmse_true_new,mae_proxy_raw,mae_proxy_new,mae_true_raw,mae_true_new,pass_rate,delta_corr_proxy,delta_corr_true,delta_rmse_proxy,delta_rmse_true,delta_mae_proxy,delta_mae_true
Rankine,0,0.2415131242680115,0.9341804668535463,0.2081719113367008,0.9317271922588283,7.988018919091185,0.8305143859356605,8.050452149224677,0.7987056217523175,1.4182673672816895,0.5736493074205902,1.2950595338915443,0.4691371680065737,95.0,0.6926673425855348,0.7235552809221275,7.1575045331555245,7.25174652747236,0.8446180598610993,0.8259223658849706
Rankine,1,0.9112298050332552,0.917791644981092,0.9302289642110364,0.9300929134497243,0.9472994369829216,0.9093404703657111,0.8085965019090401,0.8083712421268565,0.6611984302055033,0.6300710975665694,0.476986242873887,0.4679628219202762,95.0,0.006561839947836767,-0.00013605076131206761,0.03795896661721054,0.00022525978218357334,0.031127332638933858,0.009023420953610806
Rankine,2,0.7221910528192053,0.9386013831392049,0.6754600295014813,0.9265645187280283,1.8434564827161717,0.8338212328442463,1.9780249218910773,0.8329726565594803,0.7127879169853426,0.5816271234911379,0.6111172213116575,0.4942280120394985,95.0,0.21641033031999968,0.25110448922654693,1.0096352498719254,1.1450522653315969,0.13116079349420473,0.11688920927215896
Rankine,3,0.9204296946029149,0.9301026628328651,0.921839179782332,0.9250954718462382,0.9101803748686088,0.863738585039089,0.8580378665488491,0.8397188031759866,0.6504832700011122,0.6198687140944924,0.5547026712134258,0.5271301453759167,95.0,0.00967296822995023,0.0032562920639062076,0.04644178982951985,0.018319063372862487,0.030614555906619767,0.02757252583750902
Rankine,4,0.3768685383421504,0.9441663504492246,0.3015131312859788,0.933635678187614,5.314949710172512,0.770344989125378,5.451486094264306,0.7912514737639559,0.9753499628513534,0.5419949500952709,0.88497624083648,0.4684204179835346,95.0,0.5672978121070742,0.6321225469016352,4.5446047210471345,4.66023462050035,0.43335501275608257,0.41655582285294535
Rankine,5,0.9306237244004399,0.9408086140958619,0.9350866426592007,0.9359222329148157,0.8225021231275311,0.7652778023493839,0.7762476768542118,0.7729227394390348,0.5849555427855996,0.5413115884594798,0.496326834966497,0.4833191012306439,95.0,0.010184889695421973,0.0008355902556149708,0.05722432077814721,0.0033249374151770317,0.04364395432611978,0.013007733735853066
Rankine,6,0.6008766431950503,0.9325719601765746,0.6307460020095738,0.9199103262208013,2.6323811940391315,0.9135266231557214,2.531565288812719,0.8775820828351482,0.8034118519391439,0.6432236052137571,0.6614519405462461,0.5184245979073193,95.0,0.3316953169815243,0.2891643242112275,1.7188545708834102,1.653983205977571,0.16018824672538678,0.1430273426389268
Rankine,7,0.3539367660965347,0.91279497102844,0.31219991973220523,0.9321942055324408,4.417072461497921,0.9281009164863672,4.5402141408609635,0.7904776069813337,0.9059762690933019,0.6601079261802821,0.7527632561035217,0.48848801175211365,95.0,0.5588582049319053,0.6199942858002356,3.4889715450115535,3.74973653387963,0.24586834291301973,0.26427524435140803
Rankine,8,0.26919461794980254,0.9477139340837658,0.24888775286572964,0.9328335160621654,6.340662807792493,0.7634416648120008,6.402407747950966,0.8034366674867925,1.0482841720932123,0.5195873686542648,0.9370391951882981,0.4749947245945682,95.0,0.6785193161339633,0.6839457631964357,5.577221142980493,5.598971080464174,0.5286968034389475,0.46204447059372994
Rankine,9,0.9331181401002858,0.9468611866805742,0.9278898302745072,0.9301784753892658,0.8822117703949907,0.8108430614383306,0.827086313390279,0.8123873339373243,0.6321741165762588,0.5892225900809966,0.504453952370704,0.4835194312029722,95.0,0.013743046580288354,0.0022886451147585696,0.07136870895666003,0.01469897945295473,0.04295152649526213,0.020934521167731812
Rankine,10,0.5909170797649665,0.9195259689336499,0.5610044024962948,0.9350905094522498,2.7884534752240198,0.9329032985147105,2.828126750329083,0.7846108344756579,0.8346013038082014,0.6358171646503956,0.6342500015768965,0.45394656625039237,95.0,0.32860888916868336,0.374086106955955,1.8555501767093092,2.0435159158534253,0.1987841391578058,0.1803034353265041
Rankine,11,0.3218138969854131,0.9415427360003326,0.3827099204178047,0.9277347379299349,5.089761799485682,0.8221230035398202,4.965934301117361,0.8197237472050554,1.101503433285772,0.5884770111956337,0.9732897068437305,0.48069029802515645,95.0,0.6197288390149195,0.5450248175121302,4.267638795945862,4.146210553912306,0.5130264220901384,0.49259940881857406
Rankine,12,0.20974865480248925,0.9290552015897517,0.23335038987507756,0.9319758060646115,7.963258726293538,0.8378280740505742,7.9237681231366945,0.7976555369221393,1.5365678211549263,0.5749491721365454,1.3708066661789429,0.46559946457221346,95.0,0.7193065467872625,0.698625416189534,7.125430652242963,7.126112586214555,0.9616186490183809,0.9052072016067294
Rankine,13,0.2872684227661982,0.9260685481734977,0.30980773061678957,0.9269169529637127,5.951816292468176,0.8567969196380621,5.908198995793781,0.8216768470783651,1.0593567680403444,0.5839549797997622,0.9391123665777521,0.49285374871777476,95.0,0.6388001254072995,0.6171092223469231,5.095019372830114,5.086522148715416,0.4754017882405822,0.44625861785997734
Rankine,14,0.4278640989216941,0.9437627953387546,0.3790399460476462,0.9402034125536227,4.237353430327761,0.7743780521421402,4.332172137644411,0.764148751543196,0.8705797731025062,0.5374281853747492,0.7754402379669282,0.4486208474029829,95.0,0.5158986964170605,0.5611634665059766,3.4629753781856207,3.568023386101215,0.333151587727757,0.32681939056394527
Rankine,15,0.9225246599718647,0.9388508151416423,0.9170150159467587,0.923592328765147,0.9507226397443358,0.8603135265211246,0.8922698411422976,0.855286102195861,0.6593484539986929,0.6010967370599307,0.5028554837939848,0.4904927328114604,95.0,0.016326155169777534,0.006577312818388248,0.09040911322321121,0.036983738946436584,0.05825171693876219,0.012362750982524429
Rankine,16,0.6821735796385199,0.9357361771754352,0.6417806661132809,0.9213340925532876,2.1874823358330078,0.834849601105402,2.2646020621223024,0.8637457667777168,0.7335889402677104,0.5813262456714241,0.6400363755841877,0.5189311097579581,95.0,0.25356259753691535,0.2795534264400067,1.3526327347276057,1.4008562953445858,0.15226269459628627,0.1211052658262296
Rankine,17,0.24322952808528162,0.9340681861577539,0.2354587694444395,0.9143128812604527,6.6207318069034855,0.8697938658915024,6.663989362335339,0.9005834603032258,1.1333900497187932,0.6172109186587971,1.0214552768607545,0.5308897409543267,95.0,0.6908386580724722,0.6788541118160132,5.750937941011983,5.763405902032113,0.5161791310599961,0.4905655359064278
Rankine,18,0.9193552059203752,0.9287153992238032,0.927294443890955,0.9305562868397127,0.9028169010462815,0.846307860890471,0.8231350014822635,0.8064826172422173,0.6475738437154829,0.5984785557474974,0.5221981004220418,0.49373995538957893,95.0,0.009360193303427966,0.003261842948757754,0.056509040155810486,0.016652384240046225,0.04909528796798546,0.02845814503246291
Rankine,19,0.936698230852768,0.941153395130751,0.9379641449058983,0.935249743065031,0.854644805035743,0.8299472117986856,0.7755497661229159,0.7924376193105412,0.5947109240197298,0.5623067396790843,0.4826914421160417,0.4657242622381927,95.0,0.004455164277982981,-0.002714401840867353,0.024697593237057447,-0.016887853187625312,0.032404184340645514,0.016967179877849015
LambOseen,0,0.9516502110232448,0.9556267889054011,0.9718334344389744,0.9758080802021443,0.6705406468821895,0.6399296317172193,2.2711481747710835,2.2720587193225774,0.4726930895581636,0.44193726449773907,1.2068493704133647,1.189078639647023,95.0,0.003976577882156329,0.0039746457631698595,0.030611015164970223,-0.0009105445514938637,0.030755825060424513,0.017770730766341725
LambOseen,1,0.3809974301036855,0.9546980923475333,0.3823551179915996,0.974922029579669,4.500511840687701,0.6473906070723606,4.932599666777236,2.2503364457721564,0.7055380029112704,0.4431225027426937,1.4355572990407706,1.18141095382045,95.0,0.5737006622438479,0.5925669115880694,3.8531212336153406,2.6822632210050794,0.26241550016857673,0.25414634522032054
LambOseen,2,0.9590125497846352,0.9614091849087787,0.9763128795701798,0.9790894249858583,0.605726407421067,0.5849643583248981,2.304648851040504,2.2997660268575615,0.4346624211567535,0.40991080144844194,1.2557494823549202,1.2357592916520568,95.0,0.0023966351241434536,0.0027765454156785108,0.020762049096168855,0.004882824182942613,0.02475161970831158,0.019990190702863453
LambOseen,3,0.33017657525288047,0.9650713765847704,0.34392863344205504,0.9760107835656148,4.593180023565734,0.562305241017457,5.1995753999484595,2.331577040094645,0.6847355714843191,0.4050253747728229,1.5096034775130875,1.2507859023940084,95.0,0.6348948013318899,0.6320821501235597,4.030874782548277,2.8679983598538143,0.27971019671149616,0.2588175751190791
LambOseen,4,0.9570702956724384,0.9624953401699665,0.9706734837831139,0.9763194574286691,0.6623630570222288,0.6287781638282597,2.2547673330213716,2.243610612815092,0.4731293619140992,0.42812788099875315,1.2045767040074027,1.1692352089920224,95.0,0.00542504449752812,0.005645973645555191,0.03358489319396907,0.011156720206279669,0.04500148091534606,0.03534149501538031
LambOseen,5,0.9562760938470152,0.9603873946064141,0.9741102378208427,0.9776433593884168,0.6754160071472619,0.6566730734412548,2.2203773699702922,2.2137672777789517,0.4696646512675766,0.44454543735764357,1.1988668233039088,1.1745663983302395,95.0,0.004111300759398917,0.0035331215675741268,0.018742933706007103,0.006610092191340566,0.025119213909933047,0.024300424973669355
LambOseen,6,0.9590279049775516,0.9645457219288942,0.9652153932163821,0.9705697188277654,0.6876260681370082,0.658566587110075,2.2766016381794056,2.2677099051988105,0.5078626678233065,0.4775517564222839,1.2335398037878231,1.2073263188019778,95.0,0.005517816951342569,0.0053543256113833815,0.02905948102693323,0.00889173298059509,0.030310911401022544,0.026213484985845303
LambOseen,7,0.9628633336157894,0.9671606423770135,0.9767501222215242,0.9812311172607898,0.6283569268995048,0.5920522171830699,2.2565032839850843,2.2592316310465237,0.4551456862601808,0.41571475155963694,1.2162106691945596,1.1937894812210474,95.0,0.004297308761224139,0.004480995039265578,0.03630470971643496,-0.002728347061439429,0.039430934700543874,0.022421187973512113
LambOseen,8,0.957782124071669,0.9649095434730186,0.9714851860163635,0.9767638730987368,0.6113816975345614,0.5711386763293157,2.3092686693808404,2.2995086655609467,0.4206681360035366,0.3766895639430573,1.2215628273611383,1.1838180285072892,95.0,0.007127419401349644,0.0052786870823733345,0.0402430212052457,0.009760003819893726,0.04397857206047928,0.03774479885384907
LambOseen,9,0.9697064141396655,0.9737804311380664,0.9771607906648707,0.9803285987661525,0.5772854545615914,0.5377928590046379,2.236177325697293,2.2448192130303006,0.416247315942545,0.3786670452815879,1.1707902869862739,1.1502131577261618,95.0,0.004074016998400931,0.0031678081012818105,0.0394925955569535,-0.008641887333007414,0.037580270660957094,0.020577129260112015
LambOseen,10,0.9611912258042128,0.9660219377959476,0.9733527895913998,0.9785061540560441,0.6162689346866582,0.5718856549204206,2.296313096152931,2.3002007833044176,0.4480513929022905,0.397095832091435,1.246644683351028,1.2136581350842233,95.0,0.004830711991734793,0.005153364464644317,0.04438327976623757,-0.003887687151486574,0.050955560810855505,0.032986548266804805
LambOseen,11,0.9587319726870537,0.9622201644769584,0.9723317819506452,0.9765501459962012,0.654728538836666,0.6316763690532728,2.2679354425904634,2.264360865825364,0.46122088688286333,0.42963397286279803,1.2095781455437444,1.1886440020003521,95.0,0.003488191789904671,0.004218364045555978,0.023052169783393195,0.003574576765099202,0.031586914020065304,0.020934143543392292
LambOseen,12,0.9612495440483204,0.9698062371277764,0.9701364934940223,0.9771366892089635,0.6568835372914892,0.6123909706781089,2.221579071761768,2.206227223116789,0.4684594701768081,0.42354062871184,1.1792351052567172,1.1400309945035678,95.0,0.008556693079455946,0.007000195714941149,0.0444925666133803,0.015351848644978627,0.04491884146496811,0.039204110753149335
LambOseen,13,0.9577270228254593,0.963098834658411,0.9714937665683588,0.9779385768154086,0.6381084396467812,0.5999014918499033,2.245237165106326,2.239042636363342,0.4550280360681048,0.4212840240006725,1.1966261212382532,1.1766238154643622,95.0,0.005371811832951656,0.0064448102470497926,0.038206947796877944,0.006194528742983874,0.03374401206743233,0.02000230577389095
LambOseen,14,0.9640496568320436,0.9677998386937015,0.973879321578254,0.97743417675533,0.638322609078358,0.6159795537289584,2.2282033903292735,2.2185808085288654,0.423293585626206,0.3914679764476574,1.1695373467711039,1.1423667308495664,95.0,0.0037501818616578753,0.0035548551770759884,0.02234305534939962,0.009622581800408092,0.0318256091785486,0.027170615921537467
LambOseen,15,0.9585880634196219,0.9626884880339338,0.9705684971727572,0.9752909676689062,0.6519125848432443,0.6230989509739872,2.258374327063621,2.25083075062751,0.4776225798821598,0.44053873153275297,1.199693535294658,1.1750192612096915,95.0,0.004100424614311926,0.004722470496149045,0.02881363386925717,0.0075435764361109214,0.03708384834940681,0.024674274084966585
LambOseen,16,0.9504259116161763,0.9568806264985344,0.9694124539190679,0.9748840338440365,0.6408197980933349,0.5974826638739402,2.312139377936829,2.310070633369179,0.46695271754102796,0.42329143482232817,1.2509428741610849,1.2277012560839162,95.0,0.006454714882358159,0.005471579924968606,0.04333713421939467,0.0020687445676501603,0.04366128271869979,0.023241618077168624
LambOseen,17,0.9601625151334611,0.9654746562345563,0.970395566701907,0.9746745905883007,0.6617575705191255,0.6234662205075991,2.240810815363394,2.2413233457878454,0.4739987524305871,0.4344276722828173,1.2078161293825056,1.1786960079259408,95.0,0.005312141101095236,0.004279023886393785,0.03829135001152639,-0.0005125304244515405,0.03957108014776978,0.02912012145656484
LambOseen,18,0.9630306620016849,0.9677664144460177,0.9759193168931463,0.9808126260960275,0.5668111836390068,0.540972115446286,2.3291286258827135,2.3159583848655885,0.41672381162063793,0.3829427319026704,1.2601871275148349,1.2290456056906232,95.0,0.004735752444332886,0.004893309202881224,0.02583906819272086,0.01317024101712505,0.03378107971796751,0.031141521824211704
LambOseen,19,0.9701749217917157,0.9726835857591578,0.9748241684534367,0.9775268988825268,0.5945196842436531,0.5740826407574666,2.2419815151090665,2.241421984928052,0.4227754749975464,0.39635609184545273,1.154411689741351,1.135089267304193,95.0,0.002508663967442093,0.0027027304290900833,0.020437043486186468,0.0005595301810146225,0.02641938315209369,0.019322422437157982
SolidRotation,0,0.09614872251886497,0.10774937823702821,,,0.6140524443843169,0.6086727204927334,0.1672639943371086,0.14607296067397219,0.3742772281207351,0.3627723626385141,0.13357092937594897,0.11447399291214058,95.0,0.011600655718163239,,0.005379723891583588,0.021191033663136405,0.011504865482221016,0.01909693646380839
SolidRotation,1,0.04155947523684556,0.005624704103471043,,,1.0301219808822493,1.0319433094457755,0.1495698110484775,0.12014570785122518,0.4374656699408173,0.4267247966406969,0.11793916803535825,0.09483880450101612,95.0,-0.03593477113337452,,-0.0018213285635262366,0.02942410319725232,0.010740873300120413,0.02310036353434214
SolidRotation,2,0.023021576238190723,0.026853394135537122,,,0.8511714256600574,0.8477407457296794,0.1523473405893229,0.13025680955912933,0.4122397726450702,0.4037252957498031,0.12125392769854491,0.10323542382604117,95.0,0.0038318178973464,,0.0034306799303780444,0.022090531030193566,0.008514476895267131,0.01801850387250374
SolidRotation,3,0.049742719231331896,0.048403189836029016,,,0.7102772756781246,0.7080377269330205,0.14204843739341808,0.12404640608482984,0.3880932992224154,0.3788841507497204,0.11314325079549016,0.09713298774568158,95.0,-0.0013395293953028797,,0.002239548745104125,0.01800203130858824,0.009209148472694995,0.016010263049808585
SolidRotation,4,0.07639777101446656,0.020342780626969762,,,0.7569319549829032,0.761884242111505,0.15275645858575326,0.13154486338224874,0.33174746335047545,0.32240741861383204,0.12075155259015298,0.10370473815901816,95.0,-0.0560549903874968,,-0.00495228712860174,0.02121159520350452,0.009340044736643405,0.017046814431134816
SolidRotation,5,0.04380490526297207,0.05223239740081923,,,0.9226224061490591,0.9196122734712522,0.13671275564744864,0.11565930137367136,0.4276958721014269,0.41702068117757696,0.105138115234487,0.08579377740355706,95.0,0.008427492137847159,,0.0030101326778069204,0.021053454273777278,0.010675190923849942,0.01934433783092994
SolidRotation,6,0.06651918400310937,0.10270861901569724,,,0.48481557604887093,0.48102794589080156,0.146080105521819,0.12494101918567328,0.2733090245391753,0.2682661198483203,0.11546217688659285,0.10041463180590304,95.0,0.03618943501258787,,0.003787630158069377,0.02113908633614571,0.0050429046908550546,0.015047545080689811
SolidRotation,7,0.028909676432752936,0.008284931717065836,,,0.6340991592382511,0.6197882731024887,0.18789484286238847,0.15845263021169817,0.37015653951899835,0.35626422691967,0.14990182131318708,0.12362138576416824,95.0,-0.0206247447156871,,0.014310886135762368,0.029442212650690303,0.013892312599328327,0.026280435549018835
SolidRotation,8,0.013420980894903298,0.01776360948848978,,,1.0237207446277035,1.021684163480766,0.13979411619615262,0.10997382793530361,0.5512275661502649,0.5440386517374205,0.10664934165500574,0.08731133413785867,95.0,0.0043426285935864815,,0.0020365811469373885,0.02982028826084901,0.007188914412844416,0.019338007517147066
SolidRotation,9,0.09522604114829826,0.09941584347795142,,,0.5317402043679399,0.5271831572509019,0.13911205074933036,0.12339948299359955,0.3039647915916223,0.29482495674870657,0.109612719634367,0.09632698689221945,95.0,0.004189802329653158,,0.004557047117037971,0.015712567755730808,0.00913983484291575,0.013285732742147546
SolidRotation,10,0.07641164334267585,0.12631480350273017,,,0.7043551008026133,0.6917123192936764,0.1771153158685939,0.14046877790073228,0.35895684114921345,0.3396655286632606,0.13666393465429288,0.11099981253596854,95.0,0.04990316016005432,,0.01264278150893694,0.0366465379678616,0.01929131248595284,0.025664122118324348
SolidRotation,11,0.009666649040007701,0.01690693183914409,,,0.6182173678664897,0.6138809220474274,0.14225535889687116,0.12307834098538704,0.3611272147143341,0.3507612649352212,0.11386563059139675,0.09810458227718948,95.0,0.00724028279913639,,0.00433644581906234,0.019177017911484115,0.010365949779112926,0.01576104831420727
SolidRotation,12,0.043311199212212555,0.005654443244553005,,,0.8150224844938846,0.8048431221043731,0.15676048322386726,0.13227764740455875,0.4198519852041766,0.405985260528558,0.12678123460927776,0.10682288668107277,95.0,-0.03765675596765955,,0.010179362389511448,0.02448283581930852,0.013866724675618614,0.019958347928204986
SolidRotation,13,0.10964535729313166,0.11765317390106778,,,0.783991110805593,0.780520819286612,0.1682499941271412,0.15169805247745005,0.42655982115756347,0.4143696650500242,0.13590708723796055,0.12334441400986815,95.0,0.008007816607936119,,0.003470291518981039,0.01655194164969115,0.012190156107539263,0.012562673228092402
SolidRotation,14,0.02589847545495035,0.024433637733327962,,,0.5346128016377476,0.5289650706878457,0.1475007959716146,0.12752072284562305,0.32692818987469235,0.3163929509604006,0.11760665087753187,0.10100022379674488,95.0,-0.001464837721622387,,0.005647730949901897,0.019980073125991565,0.010535238914291756,0.016606427080786995
SolidRotation,15,0.11158376648909739,0.11603651831125182,,,0.6743779162330606,0.6720747726681308,0.1471114709924268,0.1290886637543256,0.41794724956157936,0.4066967574603781,0.1187765764437977,0.10514199684163024,95.0,0.004452751822154433,,0.002303143564929888,0.018022807238101207,0.01125049210120127,0.013634579602167463
SolidRotation,16,0.023037527085769605,0.05527359752369867,,,0.8985590709888145,0.8928083798265943,0.14842326694450983,0.1269526897390928,0.44460702217126774,0.4366621422563164,0.11813516879127683,0.10013359433419174,95.0,0.03223607043792906,,0.005750691162220156,0.021470577205417035,0.007944879914951353,0.0180015744570851
SolidRotation,17,0.072495497086847,0.07538259722325168,,,0.6096153946596505,0.6037215292219742,0.13265087736715492,0.10995999698087917,0.3640781529188506,0.35134468409110836,0.10298323284987389,0.0848220874859824,95.0,0.0028871001364046828,,0.005893865437676338,0.022690880386275744,0.012733468827742234,0.01816114536389149
SolidRotation,18,0.05535652545898477,0.07882388441310348,,,0.5244053176250695,0.5212273690631096,0.13299585676332337,0.11084539789583919,0.2945399751251915,0.28625026445155693,0.10198971519266026,0.08475348867817988,95.0,0.02346735895411871,,0.0031779485619598535,0.02215045886748418,0.008289710673634543,0.017236226514480382
SolidRotation,19,0.05696887069203333,0.04581042484971868,,,0.5717938693866554,0.5648179680035322,0.14483630952597995,0.12425079143515048,0.35309488781003046,0.34216570981145544,0.11205721717369715,0.09521309649461422,95.0,-0.011158445842314652,,0.006975901383123206,0.020585518090829466,0.010929177998575013,0.016844120679082933
LinearShear,0,0.03819231102140305,0.06891191189940508,,,0.17283577422534033,0.15384520985951497,0.9201600497260972,0.919467616582182,0.13885818589957544,0.1232850310185338,0.9037871086671777,0.9064991148920584,95.0,0.030719600878002032,,0.018990564365825358,0.0006924331439152054,0.015573154881041634,-0.0027120062248806587
LinearShear,1,0.07581017799465042,0.09911532147400874,,,0.1687085165303004,0.14900320228143887,0.8984991793410535,0.8963476903319431,0.13459194215330278,0.11919267655457332,0.8827385878113689,0.8840901804543218,95.0,0.023305143479358317,,0.019705314248861516,0.002151489009110441,0.015399265598729464,-0.0013515926429528147
LinearShear,2,0.03639010247213011,0.06834515444190564,,,0.16182427869922295,0.13516349309340445,0.9116356740881201,0.9087390809520804,0.12888744841641872,0.10590732276421849,0.8971674253673151,0.898591231472969,95.0,0.03195505196977553,,0.0266607856058185,0.002896593136039627,0.02298012565220023,-0.0014238061056539575
LinearShear,3,0.06202057561008683,0.039288413978776374,,,0.1579390096274842,0.13298160416487853,0.8887110208543254,0.8809855160121955,0.1291135768182388,0.11012533069485626,0.8748146235166863,0.8712883273550822,95.0,-0.022732161631310456,,0.024957405462605664,0.00772550484212986,0.018988246123382527,0.003526296161604048
LinearShear,4,0.019639331251737373,0.02698311834322865,,,0.1856969329442445,0.15480767877869728,0.9301102903467711,0.9190833254471443,0.14461225232243533,0.11924140243170328,0.9116364713282121,0.9061429273455512,95.0,0.007343787091491277,,0.03088925416554722,0.011026964899626734,0.025370849890732045,0.005493543982660887
LinearShear,5,0.010456093008500384,0.023074012446943865,,,0.14546813205695272,0.12520867873784833,0.9173242677158563,0.9174135268535546,0.11622307298789523,0.1005147715778035,0.9058066373045393,0.9089227102122005,95.0,0.012617919438443481,,0.020259453319104392,-8.92591376983054e-05,0.015708301410091732,-0.0031160729076612492
LinearShear,6,0.03357096395530267,0.0738187011809756,,,0.1518401092924232,0.12952287110587452,0.918163209250091,0.9146853330830497,0.12039276892704148,0.10471290839951682,0.905557684971726,0.9054568308716444,95.0,0.040247737225672924,,0.022317238186548682,0.003477876167041316,0.015679860527524667,0.00010085410008153772
LinearShear,7,0.06260529562828705,0.07532498273037534,,,0.20030109407591357,0.17608714523275745,0.9312305595300883,0.9260299095570634,0.15726028168922937,0.13911455773389986,0.909771864271863,0.909477268233209,95.0,0.01271968710208829,,0.024213948843156113,0.005200649973024829,0.018145723955329512,0.00029459603865400474
LinearShear,8,0.04032436086398378,0.07247356334792074,,,0.15658131832783162,0.14328294773575184,0.8750913390038435,0.8748031709966015,0.12808544559070356,0.11818692768161401,0.8618106641513871,0.8637941508422584,95.0,0.03214920248393696,,0.013298370592079778,0.00028816800724196234,0.00989851790908955,-0.001983486690871339
LinearShear,9,0.10648367923518744,0.06818228168550834,,,0.1552654638478181,0.1406770855455176,0.8991074431952609,0.9013402739402886,0.12410140355120201,0.11017393431069875,0.8858307337457757,0.8904246534900174,95.0,-0.038301397549679095,,0.014588378302300503,-0.0022328307450276696,0.013927469240503268,-0.004593919744241726
LinearShear,10,0.0008136126818244115,0.019588948401858746,,,0.20041234162390678,0.1750420867534466,0.9073625476389812,0.9064149852595751,0.15797558553182722,0.1384518348741444,0.8850799229212214,0.889472899334864,95.0,0.018775335720034335,,0.025370254870460185,0.000947562379406075,0.01952375065768283,-0.0043929764136425575
LinearShear,11,0.16939332515009353,0.2197606670879954,,,0.1637371256444175,0.1473897123129166,0.8869505953787605,0.8862573603306306,0.12827893492245732,0.11542662303876164,0.8718932798923459,0.8740134872916943,95.0,0.05036734193790188,,0.016347413331500915,0.0006932350481299032,0.012852311883695677,-0.0021202073993483728
LinearShear,12,0.031125273600703166,0.03448504849484516,,,0.1748752081359923,0.15860491127098583,0.912452762108613,0.9127110303106069,0.1382082240183792,0.12362788291183652,0.8956279648696288,0.8989120046832397,95.0,0.003359774894141996,,0.016270296865006473,-0.0002582682019938165,0.014580341106542688,-0.0032840398136109172
LinearShear,13,0.07028832779168975,0.07036760897136526,,,0.2108742737889876,0.18098590682950053,0.899775095238861,0.8972016887062318,0.1677643054012789,0.14865313197534527,0.8752413766525311,0.8791652795514258,95.0,7.928117967551107e-05,,0.029888366959487073,0.0025734065326291633,0.01911117342593363,-0.00392390289889466
LinearShear,14,0.004410942244683879,0.0020208384559112134,,,0.17993146256667342,0.1409475525490778,0.9157766663394481,0.9157637320105574,0.13741540110735254,0.11040704632315865,0.8979540276184235,0.9049037149883457,95.0,-0.002390103788772666,,0.03898391001759563,1.2934328890712443e-05,0.02700835478419389,-0.006949687369922186
LinearShear,15,0.11066107546229768,0.14725075283600234,,,0.16236576030965502,0.1438949761964318,0.9062451730921457,0.9027161357949409,0.12875016002716935,0.11245254353208664,0.8914667435834652,0.8910287513858376,95.0,0.03658967737370465,,0.018470784113223226,0.0035290372972047734,0.016297616495082712,0.00043799219762763464
LinearShear,16,0.03959954989706509,0.021220863515563057,,,0.18530919352213962,0.15896843383262416,0.8899129199595158,0.8848242500949133,0.14516289538719654,0.12352130619381638,0.8709620979697811,0.8708463511831791,95.0,-0.01837868638150203,,0.026340759689515464,0.005088669864602546,0.021641589193380162,0.0001157467866019779
LinearShear,17,0.07870765451737295,0.11776145930160885,,,0.16135895528449842,0.13990707633859303,0.8804537008230137,0.8785227248361547,0.12740907254064693,0.1111738808928955,0.8660109103966397,0.8676858891081526,95.0,0.039053804784235896,,0.02145187894590539,0.0019309759868589849,0.016235191647751432,-0.0016749787115128978
LinearShear,18,0.055767486403441154,0.047175428825950536,,,0.16325227862704808,0.13785975913867654,0.8749067313739947,0.868203163051443,0.12770369249712918,0.1074477673287493,0.8603874018592493,0.8581127450330469,95.0,-0.008592057577490618,,0.02539251948837154,0.006703568322551701,0.020255925168379874,0.002274656826202426
LinearShear,19,0.002467206734715831,0.013170302288198548,,,0.16285436201876702,0.1450365087507967,0.917958518604532,0.9154488725676996,0.1269219502604045,0.11238649506389847,0.9034764799070376,0.9039452817171371,95.0,0.010703095553482717,,0.017817853267970307,0.002509646036832458,0.014535455196506036,-0.00046880181009945066
